TVD,SP,DGA,QT,DEV,TENS,RT1,POR,RA45,PE,M4R2,GR,AC,QCAL
2566.407,17.754,2.917,0.259,35.294,1286.229,3.871,15.541,0.961,5.642,1.326,107.688,307.583,1
2566.509,17.777,2.917,0.251,35.3,1284.137,3.898,13.559,0.961,5.818,1.314,105.759,305.685,1
2566.611,17.844,2.914,0.244,35.308,1281.349,3.92,12.796,0.966,6.11,1.303,104.134,303.456,1
2566.713,17.89,2.914,0.236,35.319,1279.257,3.94,12.323,0.975,6.544,1.289,104.049,301.391,1
2566.815,17.94,2.913,0.229,35.336,1276.469,3.967,11.824,0.905,7.015,1.273,104.436,300.798,1
2566.917,17.777,2.903,0.235,35.344,1276.469,3.968,11.524,0.914,7.315,1.255,103.968,301.474,1
2567.019,17.844,2.89,0.242,35.347,1278.56,3.969,11.376,0.925,7.284,1.237,103.186,302.332,1
2567.121,17.89,2.884,0.248,35.344,1281.349,3.967,11.387,0.931,6.89,1.22,103.925,303.329,1
2567.223,17.94,2.917,0.255,35.347,1287.623,3.969,11.141,0.932,6.279,1.204,106.537,304.678,1
2567.325,17.724,2.914,0.261,35.353,1293.897,3.976,11.152,0.914,5.702,1.189,110.114,305.694,1.001
2567.427,17.631,2.914,0.268,35.353,1298.777,3.987,11.316,0.908,5.42,1.178,113.087,305.004,1.001
2567.529,17.464,2.913,0.274,35.358,1302.96,4.002,11.64,0.906,5.471,1.17,114.378,301.703,1.001
2567.631,17.39,2.917,0.205,35.353,1314.114,4.033,11.749,0.911,5.672,1.164,113.053,297.766,1
2567.733,17.325,2.914,0.212,35.355,1318.994,4.049,11.442,0.932,5.784,1.159,109.701,295.573,1
2567.834,17.724,2.914,0.219,35.361,1321.783,4.063,11.414,0.926,5.84,1.157,106.554,296.369,1.001
2567.937,17.631,2.913,0.226,35.369,1321.086,4.077,11.298,0.909,5.901,1.157,105.577,299.375,1
2568.038,17.464,2.874,0.23,35.38,1317.6,4.111,11.068,0.882,5.927,1.159,106.336,303.893,1
2568.14,17.39,2.881,0.233,35.38,1312.72,4.128,11.02,0.836,5.916,1.163,107.496,307.833,1
2568.242,17.325,2.889,0.237,35.369,1308.537,4.145,11.122,0.83,5.904,1.17,108.316,309.275,1
2568.344,18.265,2.896,0.241,35.361,1305.749,4.157,11.502,0.834,5.881,1.181,108.848,308.967,1
2568.446,18.193,2.9,0.245,35.361,1302.263,4.165,11.956,0.839,5.849,1.194,109.259,309.643,1.001
2568.548,18.109,2.902,0.248,35.364,1300.869,4.155,12.613,0.832,5.903,1.209,109.636,311.599,1.001
2568.65,17.919,2.911,0.252,35.353,1299.474,4.137,12.982,0.821,6.018,1.225,109.624,313.237,1.001
2568.752,17.821,2.937,0.256,35.336,1299.474,4.112,13.21,0.802,6.059,1.24,108.993,314.032,1
2568.854,17.724,2.967,0.255,35.322,1294.594,4.056,12.892,0.786,6.067,1.253,108.615,314.977,1
2568.956,17.631,2.966,0.253,35.33,1292.503,4.033,12.052,0.779,6.09,1.264,109.563,316.082,1
2569.058,17.464,2.937,0.252,35.35,1291.109,4.014,12.066,0.791,6.106,1.273,111.484,316.638,1
2569.16,17.39,2.912,0.25,35.369,1291.109,3.999,12.631,0.818,6.095,1.28,112.776,316.926,1
2569.262,17.325,2.913,0.249,35.383,1291.806,3.984,13.926,0.85,6.081,1.287,112.759,316.21,0.999
2569.364,17.27,2.93,0.247,35.392,1292.503,3.982,15.044,0.906,5.77,1.293,112.673,313.865,0.999
2569.466,17.821,2.96,0.246,35.403,1293.897,4.026,15.867,0.925,5.785,1.299,113.79,311.623,0.999
2569.568,17.724,2.993,0.245,35.411,1293.897,3.975,15.907,0.938,5.828,1.304,116.427,312.535,0.999
2569.669,17.631,3,0.241,35.436,1290.411,3.941,15.951,0.951,5.826,1.309,119.362,316.121,0.999
2569.771,17.464,3,0.237,35.439,1289.714,3.905,16.14,0.964,5.774,1.314,121.804,320.739,0.999
2569.873,17.39,3,0.234,35.433,1290.411,3.868,16.247,0.955,5.845,1.319,123.095,324.265,0.999
2569.975,17.631,3,0.23,35.425,1290.411,3.801,16.888,0.936,6.095,1.324,122.951,325.881,0.999
2570.077,17.464,3,0.227,35.394,1291.806,3.781,17.642,0.907,6.449,1.33,121.018,325.734,0.999
2570.179,17.39,3,0.223,35.378,1293.2,3.774,18.736,0.844,6.848,1.336,118.267,323.657,1
2570.281,17.919,2.949,0.22,35.364,1294.594,3.776,19.129,0.829,7.163,1.341,116.389,317.77,1
2570.383,17.821,2.949,0.216,35.353,1295.989,3.798,18.252,0.828,7.249,1.344,115.72,305.795,0.999
2570.484,17.724,2.951,0.216,35.339,1303.657,3.811,16.631,0.84,7.095,1.343,115.74,313.865,0.999
2570.586,17.631,2.952,0.216,35.333,1306.446,3.82,14.705,0.875,6.834,1.339,115.939,311.623,0.999
2570.688,17.464,2.952,0.216,35.342,1309.931,3.822,13.396,0.886,6.577,1.33,115.802,312.535,0.999
2570.79,17.39,2.953,0.216,35.353,1314.114,3.813,12.612,0.889,6.399,1.319,115.363,316.121,1
2570.892,17.325,2.943,0.216,35.372,1319.691,3.803,12.111,0.881,6.314,1.307,114.468,320.739,0.999
2570.994,17.27,2.93,0.216,35.367,1319.691,3.795,12,0.882,6.275,1.28,112.489,324.265,0.999
2571.096,17.201,2.919,0.216,35.347,1317.6,3.79,11.935,0.89,6.253,1.279,109.745,325.881,0.999
2571.198,16.508,2.917,0.216,35.325,1315.509,3.798,11.921,0.903,6.249,1.278,107.67,325.734,0.999
2571.3,16.552,2.911,0.215,35.308,1309.931,3.814,11.698,0.918,6.237,1.748,108.875,323.657,0.999
2571.402,16.641,2.902,0.213,35.292,1306.446,3.833,11.966,0.93,6.201,1.74,112.274,317.77,0.999
2571.504,16.685,2.892,0.212,35.269,1303.657,3.856,12.609,0.925,6.182,1.733,115.247,305.795,0.999
2571.606,16.727,2.887,0.211,35.255,1300.869,3.888,13.706,0.912,6.241,1.73,116.564,295.556,0.998
2571.708,16.768,2.892,0.209,35.247,1295.989,3.893,14.876,0.901,6.291,1.734,116.763,308.438,0.998
2571.81,16.836,2.887,0.208,35.25,1293.2,3.888,15.135,0.901,6.172,1.748,115.812,313.865,0.998
2571.912,16.859,2.892,0.206,35.25,1291.109,3.875,14.189,0.914,5.893,1.24,113.597,311.623,0.998
2572.014,18.357,2.887,0.205,35.244,1290.411,3.833,12.646,0.924,5.609,1.231,110.986,312.535,0.998
2572.116,18.284,2.949,0.198,35.239,1291.109,3.811,11.114,0.928,5.423,1.222,110.053,316.121,0.999
2572.218,16.466,2.951,0.192,35.253,1294.594,3.788,9.936,0.909,5.338,1.215,111.029,320.739,0.999
2572.32,16.508,2.952,0.185,35.275,1302.96,3.765,9.506,0.892,5.313,1.208,112.694,324.265,0.999
2572.422,16.552,2.952,0.178,35.303,1311.326,3.712,9.599,0.883,5.322,1.204,113.024,325.881,0.999
2572.524,16.641,2.953,0.172,35.353,1323.177,3.682,9.822,0.882,5.339,1.203,111.486,325.734,0.999
2572.627,16.685,2.943,0.165,35.375,1328.057,3.652,10.09,0.898,5.357,1.205,108.807,323.657,0.999
2572.729,16.727,2.93,0.158,35.397,1330.846,3.621,10.736,0.903,5.41,1.209,106.13,317.77,0.999
2572.831,16.768,2.919,0.152,35.414,1330.149,3.567,11.2,0.902,5.508,1.215,107.688,305.795,0.999
2572.933,16.836,2.917,0.158,35.411,1321.783,3.547,11.786,0.895,5.666,1.223,105.759,324.265,0.999
2573.034,16.859,2.911,0.164,35.394,1318.994,3.534,12.389,0.873,5.933,1.231,104.134,325.881,1
2573.136,16.875,2.902,0.17,35.372,1315.509,3.528,12.609,0.87,6.268,1.24,104.049,325.734,1
2573.238,16.884,2.892,0.176,35.353,1312.023,3.526,12.45,0.877,6.524,1.249,104.436,323.657,1
2573.34,16.899,2.887,0.182,35.347,1306.446,3.529,12.491,0.89,6.608,1.256,103.968,317.77,1
2573.442,16.91,2.726,0.188,35.355,1304.354,3.533,13.676,0.917,6.581,1.263,103.186,305.795,1
2573.544,16.927,2.949,0.194,35.369,1302.96,3.539,15.47,0.922,6.534,1.269,103.925,315.803,1
2573.646,16.949,2.949,0.2,35.392,1302.96,3.551,17.44,0.92,6.506,1.274,106.537,307.655,1
2573.748,16.996,2.951,0.2,35.447,1305.052,3.55,19.358,0.905,6.493,1.278,110.114,299.25,1
2573.85,17.906,2.952,0.2,35.467,1305.749,3.548,20.432,0.876,6.479,1.28,113.087,294.855,1
2573.952,22.827,2.952,0.2,35.475,1307.143,3.54,20.801,0.866,6.451,1.279,114.378,296.629,1
2574.054,16.466,2.953,0.2,35.467,1309.234,3.516,15.316,0.861,6.422,1.278,113.053,299.092,1
2574.156,16.508,2.943,0.2,35.453,1311.326,3.503,14.911,0.855,6.399,1.269,109.701,298.159,1
2574.257,16.552,2.93,0.2,35.453,1312.72,3.491,13.512,0.831,6.345,1.274,106.554,294.988,1
2574.359,16.641,2.919,0.2,35.453,1314.114,3.483,12.032,0.814,6.231,1.326,105.577,287.975,1
2574.461,16.685,2.917,0.2,35.455,1314.811,3.472,11.277,0.802,6.095,1.314,106.336,275.268,1
2574.563,16.727,2.911,0.192,35.478,1312.023,3.467,11.067,0.799,6.002,1.303,107.496,262.07,1
2574.665,16.768,2.902,0.184,35.497,1309.931,3.46,11.006,0.816,5.974,1.289,108.316,254.939,1
2574.766,16.836,2.892,0.176,35.508,1307.84,3.448,10.889,0.833,5.981,1.273,108.848,256.495,1
2574.868,16.859,2.887,0.168,35.503,1303.657,3.414,10.556,0.846,5.995,1.255,109.259,264.374,1
2574.97,16.875,2.949,0.16,35.447,1296.686,3.395,15.541,0.851,6.013,1.237,109.636,276.064,1
2575.072,16.884,2.949,0.151,35.417,1297.383,3.375,13.559,0.841,6.029,1.22,109.624,288.482,1
2575.174,16.899,2.951,0.143,35.386,1300.869,4.758,12.796,0.837,6.036,1.204,108.993,297.287,1
2575.275,16.91,2.952,0.135,35.367,1307.143,4.695,12.323,0.844,6.047,1.189,108.615,299.851,1
2575.377,16.927,2.952,0.137,35.347,1324.571,4.634,11.824,0.86,6.068,1.178,109.563,299.627,1
2575.479,16.949,2.953,0.14,35.344,1333.634,4.571,11.524,0.908,6.079,1.17,111.484,299.651,1
2575.581,16.996,2.943,0.142,35.353,1340.606,4.438,11.376,0.925,6.069,1.164,112.776,299.167,1
2575.683,18.146,2.93,0.145,35.369,1346.183,4.368,11.387,0.935,6.062,1.159,112.759,297.139,1
2575.785,18.14,2.919,0.147,35.389,1348.274,4.297,11.141,0.937,6.071,1.157,112.673,294.835,1
2575.887,18.136,2.917,0.149,35.389,1344.789,4.228,11.152,0.928,6.06,1.157,113.79,293.124,1
2575.989,18.118,2.911,0.152,35.389,1340.606,4.12,11.316,0.93,6.026,1.159,116.427,292.102,1
2576.091,18.095,2.902,0.154,35.389,1338.514,4.082,11.64,0.934,6.072,1.163,119.362,293.481,1
2576.193,18.061,2.892,0.154,35.389,1336.423,4.052,11.749,0.943,6.293,1.17,121.804,297.204,1
2576.294,18.02,2.887,0.154,35.389,1335.726,4.026,11.442,0.943,6.612,1.181,123.095,301.23,1
2576.396,17.93,2.898,0.154,35.389,1335.029,3.975,11.414,0.93,6.838,1.194,122.951,304.718,1
2576.498,17.892,2.912,0.154,35.389,1335.029,3.941,11.298,0.913,6.037,1.209,121.018,306.59,1
2576.6,17.865,2.925,0.154,35.389,1334.331,3.905,11.068,0.896,6.007,1.225,118.267,306.71,1
2576.702,17.848,2.934,0.154,35.389,1327.36,4.695,11.02,0.879,5.948,1.24,116.389,306.33,1
2576.804,17.845,2.931,0.154,35.389,1318.297,4.634,11.122,0.88,5.897,1.253,115.72,305.61,1
2576.906,17.856,2.921,0.154,35.389,1309.931,4.571,11.502,0.887,5.823,1.264,115.74,304.482,1
2577.008,17.876,2.92,0.154,35.389,1299.474,4.438,11.956,0.891,5.747,1.273,115.939,303.952,1
2577.11,17.906,2.926,0.153,35.389,1296.686,4.368,12.613,0.886,5.8,1.28,115.802,304.47,1
2577.212,17.997,2.934,0.153,35.389,1299.474,4.297,12.982,0.878,6.077,1.287,115.363,305.811,1
2577.313,18.061,2.937,0.153,35.389,1307.84,4.228,13.21,0.867,6.407,1.293,114.468,307.663,1
2577.416,18.141,2.944,0.153,35.389,1324.571,4.12,12.892,0.861,6.505,1.299,112.489,309.64,1
2577.517,15.954,2.957,0.152,35.389,1329.451,4.082,12.052,0.869,6.241,1.304,109.745,310.915,1
2577.619,15.897,2.967,0.152,35.389,1331.543,4.052,12.066,0.871,5.874,1.309,107.67,310.373,1
2577.721,15.871,2.962,0.152,35.308,1330.846,4.026,12.631,0.872,5.68,1.314,108.875,308.602,1
2577.823,15.844,2.949,0.152,35.339,1320.389,3.975,13.926,0.871,5.694,1.319,112.274,307.234,1
2577.925,15.817,2.949,0.151,35.347,1317.6,3.941,15.044,0.997,5.77,1.324,115.247,306.985,1
2578.027,15.772,2.951,0.151,35.344,1317.6,3.905,15.867,0.985,5.781,1.33,116.564,307.538,1
2578.129,15.761,2.952,0.151,35.336,1316.903,3.868,15.907,0.961,5.77,1.336,116.763,308.784,1
2578.231,15.761,2.952,0.15,35.314,1318.994,3.801,15.951,0.932,5.785,1.341,115.812,309.964,1
2578.333,15.77,2.953,0.15,35.297,1321.086,3.781,16.14,0.937,5.828,1.344,113.597,310.229,1
2578.435,15.808,2.943,0.15,35.286,1322.48,3.774,16.247,0.958,5.826,1.343,110.986,308.912,1
2578.537,15.829,2.93,0.149,35.28,1323.874,3.776,16.888,0.977,5.774,1.339,110.053,306.607,1
2578.639,15.849,2.919,0.149,35.272,1324.571,3.798,17.642,0.993,5.845,1.33,111.029,304.416,1
2578.741,15.866,2.917,0.149,35.275,1324.571,3.811,18.736,0.987,6.095,1.319,112.694,301.642,1
2578.843,15.896,2.911,0.15,35.275,1322.48,3.82,19.129,0.972,6.449,1.307,113.024,297.963,1
2578.945,15.915,2.902,0.15,35.269,1320.389,3.822,18.252,0.962,6.848,1.273,106.518,296.375,1
2579.047,15.94,2.892,0.15,35.269,1312.023,3.813,16.631,0.962,7.163,1.28,105.802,298.092,1
2579.149,15.97,2.887,0.15,35.267,1308.537,3.803,14.705,0.978,7.249,1.287,106.535,300.876,1
2579.251,16.039,2.889,0.15,35.258,1306.446,3.795,13.396,0.998,7.095,1.293,108.219,305.248,1
2579.353,16.074,2.895,0.15,35.261,1305.052,3.79,12.612,1.011,6.834,1.299,108.927,310.667,1
2579.455,16.105,2.898,0.149,35.286,1302.96,3.798,12.111,1.01,6.577,1.304,106.518,313.272,1
2579.557,16.134,2.899,0.147,35.3,1303.657,3.814,12,0.999,6.399,1.309,105.802,310.785,1
2579.659,16.181,2.904,0.145,35.314,1305.052,3.833,11.935,0.99,6.314,1.314,106.535,306.709,1
2579.761,16.199,2.921,0.144,35.314,1305.052,3.856,11.921,0.994,6.275,1.319,108.219,303.276,1
2579.863,16.213,2.948,0.142,35.3,1303.657,3.888,11.698,1.025,6.253,1.324,108.927,301.133,1
2579.965,16.223,2.967,0.141,35.297,1303.657,3.893,11.966,1.039,6.249,1.33,106.665,300.204,1
2580.067,17.701,2.969,0.139,35.297,1303.657,3.888,12.609,1.043,6.237,1.336,106.518,300.849,1
2580.169,17.73,2.966,0.137,35.294,1304.354,3.875,13.706,1.034,6.201,1.341,105.802,302.467,1
2580.271,17.754,2.971,0.135,35.314,1308.537,3.833,14.876,0.984,6.182,1.344,106.535,303.932,1
2580.373,17.777,2.982,0.133,35.322,1312.72,3.811,15.135,0.959,6.241,1.343,108.219,305.193,1
2580.475,17.844,2.987,0.131,35.33,1316.206,3.788,14.189,0.945,6.291,1.339,108.927,307.052,1
2580.577,17.89,2.978,0.129,35.333,1318.297,3.765,12.646,0.941,6.172,1.33,107.615,309.435,1
2580.679,17.94,2.967,0.127,35.344,1318.297,3.712,11.114,0.957,5.893,1.319,105.917,311.365,1
2580.781,17.99,2.96,0.125,35.347,1315.509,3.682,9.936,0.96,5.609,1.307,104.927,312.051,1
2580.883,18.079,2.956,0.123,35.353,1310.629,3.652,9.506,0.956,5.423,1.133,107.688,311.487,1
2580.985,18.117,2.951,0.12,35.347,1306.446,3.621,9.599,0.944,5.338,1.128,105.759,310.33,1
2581.087,18.154,2.947,0.121,35.33,1305.749,3.567,9.822,0.925,5.313,1.125,104.134,309.057,1
2581.189,18.195,2.94,0.122,35.325,1308.537,3.547,10.09,0.926,5.322,1.123,104.049,306.671,1
2581.291,18.288,2.932,0.123,35.33,1312.023,3.534,10.736,0.936,5.339,1.121,104.436,302.793,1
2581.393,18.331,2.924,0.123,35.333,1316.206,3.528,11.2,0.953,5.357,1.12,103.968,299.527,1
2581.495,18.361,2.929,0.124,35.333,1318.994,3.526,11.786,0.976,5.41,1.12,103.186,297.872,1
2581.597,18.37,2.944,0.125,35.333,1316.206,3.529,12.389,0.978,5.508,1.121,103.925,297.375,1
2581.699,18.32,2.954,0.125,35.339,1311.326,3.533,12.609,0.969,5.666,1.122,106.537,298.543,1
2581.801,18.265,2.95,0.126,35.342,1305.749,3.539,12.45,0.954,5.933,1.123,110.114,301.498,1
2581.903,18.193,2.937,0.127,35.353,1298.777,3.551,12.491,0.95,6.268,1.125,113.087,303.671,1
2582.005,18.109,2.927,0.129,35.35,1298.08,3.55,13.676,0.961,6.524,1.127,114.378,303.685,1
2582.107,17.919,2.922,0.13,35.347,1298.08,3.548,15.47,0.977,6.608,1.131,113.053,302.153,1
2582.209,17.821,2.923,0.131,35.342,1299.474,3.54,17.44,0.993,6.581,1.136,109.701,300.524,1
2582.311,17.724,2.933,0.132,35.328,1304.354,3.516,19.358,0.996,6.534,1.136,106.554,299.122,1
2582.413,17.631,2.951,0.133,35.308,1305.052,3.503,20.432,0.982,6.506,1.133,105.577,298.064,1
2582.515,17.464,2.964,0.135,35.292,1303.657,3.491,20.801,0.968,6.493,1.128,106.336,297.895,1
2582.617,17.39,2.989,0.136,35.275,1302.96,3.483,15.541,0.962,6.479,1.125,107.496,299.03,1
2582.719,17.325,2.997,0.138,35.261,1307.84,3.472,13.559,0.97,6.451,1.123,108.316,300.998,1
2582.821,17.27,2.991,0.14,35.253,1311.326,3.467,12.796,0.986,6.422,1.121,108.848,303.657,1
2582.923,17.201,2.987,0.142,35.25,1313.417,3.46,12.323,0.993,6.399,1.12,109.259,307.595,1
2583.025,17.189,2.986,0.144,35.253,1314.811,3.448,11.824,0.99,6.345,1.12,109.636,311.634,1
2583.127,16.105,3,0.146,35.275,1312.023,3.414,11.524,0.961,6.231,1.121,109.624,314.218,1
2583.229,16.134,3,0.148,35.294,1309.932,3.395,11.376,0.943,6.095,1.122,108.993,315.065,1
2583.331,16.181,3,0.15,35.311,1307.84,3.375,11.387,0.939,6.002,1.123,108.615,314.597,1
2583.433,16.199,3,0.152,35.325,1305.749,3.357,11.141,0.944,5.974,1.125,109.563,312.994,1
2583.535,16.213,3,0.153,35.344,1309.931,3.327,11.152,0.972,5.981,1.127,111.484,311.089,1
2583.637,16.223,3,0.153,35.35,1315.509,3.311,11.316,0.98,5.995,1.131,112.776,309.149,1
2583.739,16.234,3,0.154,35.336,1320.389,3.29,11.64,0.979,6.013,1.136,112.759,307.125,1
2583.841,16.234,3,0.154,35.314,1322.48,3.268,11.749,0.97,6.029,1.121,112.673,305.909,1
2583.943,16.229,2.983,0.155,35.272,1323.177,3.227,11.442,0.93,6.036,1.12,113.79,306.191,1
2584.045,16.218,2.979,0.155,35.264,1323.177,3.208,11.414,0.917,6.047,1.12,116.427,308.018,1
2584.147,16.185,2.991,0.156,35.264,1322.48,3.19,11.298,0.91,6.068,1.121,119.362,310.652,1
2584.249,16.171,3,0.156,35.264,1323.874,3.175,11.068,0.909,6.079,1.122,111.118,312.753,1
2584.351,16.17,2.995,0.157,35.242,1327.36,3.151,11.02,0.922,6.069,1.123,110.381,312.356,1
2584.453,16.186,2.964,0.158,35.236,1326.663,3.142,11.122,0.919,6.062,1.125,107.873,308.685,1
2584.555,16.283,2.941,0.158,35.242,1326.663,3.137,11.502,0.912,6.071,1.127,104.857,304.001,1
2584.657,16.358,2.938,0.159,35.244,1326.663,3.139,11.956,0.9,6.06,1.131,100.336,301.779,1
2584.76,16.444,2.931,0.16,35.247,1325.269,3.155,12.613,0.907,6.026,1.136,105.874,300.643,1
2584.862,16.532,2.921,0.16,35.247,1323.177,3.172,12.982,0.923,6.072,1.145,108.294,298.344,1
2584.964,16.691,2.997,0.161,35.25,1323.874,3.193,13.21,0.947,6.293,1.16,107.823,295.892,1
2585.066,16.753,3,0.161,35.25,1325.966,3.214,12.892,0.967,6.612,1.183,107.855,294.074,1
2585.168,16.801,3,0.163,35.247,1325.966,3.253,12.052,0.978,6.838,1.214,110.533,292.449,1
2585.27,16.836,3,0.164,35.247,1323.177,3.271,12.066,0.971,6.861,1.251,113.951,292.989,1
2585.372,16.882,3,0.165,35.247,1321.086,3.289,12.631,0.955,6.703,1.293,115.42,296.764,1
2585.474,16.901,3,0.167,35.242,1318.994,3.306,13.926,0.944,6.445,1.333,115.677,301.246,1
2585.576,16.921,2.985,0.168,35.208,1318.297,3.344,15.044,0.947,6.159,1.364,115.156,302.678,1
2585.678,16.937,2.954,0.169,35.203,1319.691,3.365,15.867,0.962,5.891,1.383,112.866,300.866,1
2585.78,16.949,2.936,0.17,35.217,1321.086,3.387,15.907,0.905,5.706,1.389,108.538,297.661,1
2585.882,16.944,2.922,0.172,35.233,1323.177,3.41,15.951,0.914,5.678,1.384,112.866,295.354,1
2585.985,16.934,2.905,0.173,35.233,1330.846,3.479,16.14,0.925,5.777,1.373,100.336,293.697,1
2586.087,16.924,3,0.175,35.219,1337.12,3.522,16.247,0.931,5.944,1.36,105.874,292.289,1
2586.189,16.912,2.985,0.177,35.214,1342,3.576,16.888,0.932,6.126,1.347,108.294,291.521,1
2586.291,16.908,2.954,0.178,35.217,1344.091,3.637,17.642,0.914,6.235,1.336,107.823,288.639,1
2586.393,16.904,2.936,0.18,35.222,1346.183,3.77,18.736,0.908,6.286,1.326,107.855,281.239,1
2586.495,16.895,2.922,0.182,35.214,1347.577,3.834,19.129,0.906,6.341,1.314,110.533,275.638,1
2586.597,16.868,2.905,0.183,35.2,1346.88,3.89,18.252,0.911,6.393,1.303,113.951,276.003,1
2586.699,16.853,2.889,0.185,35.189,1343.394,3.934,16.631,0.932,6.406,1.289,115.42,279.704,1
2586.802,16.84,2.937,0.185,35.205,1344.091,3.98,14.705,0.926,6.368,1.273,115.677,285.963,1
2586.904,16.832,2.969,0.185,35.225,1346.183,3.983,13.396,0.909,6.302,1.255,115.156,294.89,1
2587.006,16.83,2.963,0.185,35.236,1345.486,3.973,12.612,0.882,6.252,1.237,112.866,302.184,1
2587.108,16.835,2.965,0.185,35.239,1344.789,3.948,12.111,0.836,6.219,1.22,108.538,306.314,1
2587.21,16.466,2.997,0.185,35.208,1340.606,3.878,12,0.83,6.193,1.204,100.336,309.108,1
2587.312,16.508,3,0.185,35.203,1337.817,3.838,11.935,0.834,6.199,1.189,105.874,312.167,1
2587.414,16.552,3,0.185,35.208,1332.24,3.801,11.921,0.839,6.233,1.178,108.294,314.658,1
2587.516,16.641,3,0.185,35.214,1327.36,3.771,11.698,0.832,6.249,1.17,107.823,315.1,1
2587.618,16.685,3,0.184,35.214,1324.571,3.744,11.966,0.821,6.229,1.164,107.855,314.09,1
2587.721,16.727,3,0.182,35.222,1326.663,3.747,12.609,0.802,6.274,1.159,110.533,312.453,1
2587.823,16.768,2.985,0.181,35.23,1328.754,3.76,13.706,0.786,6.411,1.157,113.951,311.654,0.999
2587.925,16.836,2.954,0.18,35.244,1328.057,3.781,14.876,0.779,6.476,1.157,115.42,313.361,0.999
2588.027,16.859,2.936,0.178,35.28,1324.571,3.83,15.135,0.791,6.499,1.159,115.677,317.401,0.999
2588.129,16.875,2.922,0.177,35.283,1323.177,3.852,14.189,0.818,6.498,1.163,115.156,321.458,0.999
2588.231,16.884,2.905,0.176,35.275,1321.783,3.87,12.646,0.85,6.469,1.17,112.866,324.364,0.999
2588.333,16.899,2.89,0.175,35.261,1321.086,3.881,11.114,0.906,6.423,1.181,108.538,325.1,0.998
2588.435,16.91,2.886,0.174,35.214,1324.571,3.866,9.936,0.925,6.34,1.194,95.108,323.21,0.998
2588.537,16.927,2.896,0.173,35.197,1329.451,3.836,9.506,0.938,6.205,1.209,100.336,320.937,0.998
2588.639,16.949,2.908,0.173,35.186,1333.634,3.787,9.599,0.951,6.065,1.225,105.874,320.871,0.998
2588.741,16.996,2.917,0.172,35.175,1337.817,3.722,9.822,0.964,5.969,1.24,108.294,322.607,0.998
2588.844,16.99,2.929,0.171,35.155,1342,3.558,10.09,0.955,5.886,1.253,107.823,326.318,0.998
2588.946,17.034,2.956,0.171,35.161,1340.606,3.473,10.736,0.936,5.795,1.264,107.855,331.827,0.998
2589.048,17.148,2.991,0.17,35.178,1336.423,3.394,11.2,0.907,5.711,1.273,110.533,336.307,0.998
2589.15,17.208,3,0.169,35.197,1330.846,3.323,11.786,0.844,5.648,1.28,113.951,339.113,0.998
2589.252,17.263,2.991,0.167,35.208,1322.48,3.213,12.389,0.829,5.595,1.287,115.42,342.456,0.998
2589.354,17.306,2.969,0.165,35.208,1317.6,3.171,12.609,0.828,5.537,1.293,115.677,347.518,0.998
2589.457,17.344,2.957,0.162,35.214,1312.023,3.133,12.45,0.84,5.486,1.299,115.156,353.539,0.998
2589.559,17.339,2.962,0.16,35.225,1308.537,3.1,12.491,0.875,5.438,1.304,112.866,357.49,0.998
2589.661,17.324,2.979,0.158,35.233,1309.234,3.037,13.676,0.886,5.362,1.309,108.538,357.758,0.998
2589.763,17.303,2.996,0.155,35.233,1309.234,3.007,15.47,0.889,5.256,1.314,111.137,355.713,0.998
2589.865,17.265,3,0.153,35.233,1307.143,2.976,17.44,0.881,5.133,1.319,110.137,351.871,0.998
2589.967,17.251,3,0.151,35.242,1305.052,2.943,19.358,0.882,5.023,1.324,109.174,346.577,0.998
2590.069,17.24,3,0.151,35.292,1300.869,2.879,20.432,0.89,5.016,1.33,108.286,342.482,0.998
2590.172,17.233,3,0.151,35.303,1297.383,2.846,20.801,0.903,5.242,1.336,107.788,340.05,0.998
2590.274,17.223,3,0.151,35.305,1294.594,2.815,15.541,0.918,5.681,1.341,108.208,337.848,0.998
2590.376,17.22,2.992,0.15,35.305,1294.594,2.785,13.559,0.93,6.173,1.344,109.469,335.993,0.997
2590.478,17.219,2.965,0.15,35.289,1300.869,2.736,12.796,0.925,6.468,1.343,110.755,334.935,0.997
2590.58,17.223,2.953,0.15,35.278,1305.749,2.717,12.323,0.912,6.452,1.339,100.336,334.702,0.997
2590.682,17.24,2.947,0.15,35.267,1312.72,2.704,11.824,0.901,6.163,1.33,105.874,334.852,0.997
2590.784,17.25,2.942,0.15,35.255,1318.994,2.694,11.524,0.901,5.797,1.319,108.294,334.439,0.997
2590.886,17.254,2.943,0.155,35.244,1328.754,2.671,11.376,0.914,5.54,1.307,107.823,333.414,0.997
2590.988,17.25,2.951,0.159,35.236,1332.937,2.653,11.387,0.924,5.503,1.295,107.855,331.814,0.997
2591.09,17.215,2.966,0.164,35.228,1335.029,2.632,11.141,0.928,5.611,1.286,110.533,330.294,0.997
2591.192,17.183,2.976,0.169,35.225,1333.634,2.612,11.152,0.909,5.802,1.28,113.951,332.174,0.997
2591.294,17.143,2.976,0.173,35.253,1328.057,2.575,11.316,0.892,6.008,1.276,115.42,338.258,0.997
2591.396,17.091,2.973,0.178,35.258,1327.36,2.562,11.64,0.883,6.141,1.275,115.677,344.574,0.997
2591.498,16.958,2.978,0.183,35.25,1326.663,2.553,11.749,0.882,6.192,1.276,115.156,349.701,0.997
2591.6,16.885,2.992,0.188,35.228,1324.571,2.547,11.442,0.898,6.26,1.279,112.866,352.737,0.997
2591.702,16.819,3,0.188,35.197,1324.571,2.54,11.414,0.903,6.349,1.284,108.538,349.734,0.997
2591.804,16.768,3,0.188,35.197,1325.966,2.543,11.298,0.902,6.415,1.288,111.137,342.916,0.997
2591.907,16.728,2.996,0.189,35.203,1326.663,2.549,11.068,0.895,6.383,1.293,110.137,338.656,0.997
2592.009,16.74,2.989,0.189,35.197,1325.966,2.554,11.02,0.873,6.247,1.297,109.174,337.844,0.996
2592.111,16.769,2.983,0.19,35.164,1322.48,2.572,11.122,0.87,6.152,1.3,108.286,338.512,0.996
2592.213,16.812,2.979,0.19,35.15,1319.691,2.586,11.502,0.877,6.12,1.301,107.788,340.251,0.996
2592.315,16.931,2.982,0.191,35.133,1315.509,2.603,11.956,0.89,6.117,1.3,108.208,341.028,0.996
2592.417,17.006,2.991,0.194,35.119,1312.023,2.616,12.613,0.917,6.249,1.296,109.469,339.568,0.996
2592.52,17.091,3,0.197,35.114,1306.446,2.635,12.982,0.922,6.521,1.29,110.755,337.524,0.996
2592.622,17.186,3,0.199,35.108,1305.052,2.64,13.21,0.92,6.746,1.283,107.688,336.855,0.996
2592.724,17.397,3,0.201,35.103,1307.84,2.636,12.892,0.905,6.777,1.274,105.759,337.587,0.996
2592.826,17.512,2.99,0.204,35.1,1312.72,2.629,12.052,0.876,6.809,1.266,104.134,339.704,0.996
2592.928,17.632,2.981,0.206,35.114,1315.509,2.599,12.066,0.866,6.801,1.257,104.049,343.548,0.996
2593.031,17.755,2.98,0.208,35.125,1314.811,2.579,12.631,0.861,6.571,1.249,104.436,347.999,0.996
2593.133,16.466,2.978,0.209,35.125,1314.114,2.553,13.926,0.855,6.284,1.24,103.968,350.748,0.996
2593.235,16.508,2.968,0.211,35.108,1312.72,2.524,15.044,0.831,6.181,1.231,103.186,353.093,0.996
2593.337,16.552,2.959,0.212,35.058,1305.052,2.468,15.867,0.814,6.234,1.222,103.925,357.382,0.996
2593.44,16.641,2.962,0.214,35.047,1302.96,2.444,15.907,0.802,6.394,1.215,106.537,360.479,0.996
2593.542,16.685,2.972,0.215,35.047,1303.657,2.422,15.951,0.799,5.016,1.208,110.114,359.379,0.996
2593.644,16.727,2.973,0.217,35.05,1306.446,2.403,16.14,0.816,5.242,1.204,113.087,356.139,0.996
2593.747,16.768,2.964,0.218,35.078,1311.326,2.371,16.247,0.833,5.681,1.203,114.378,354.048,0.996
2593.849,16.836,2.958,0.213,35.117,1314.811,2.358,16.888,0.846,6.173,1.205,113.053,352.626,0.996
2593.951,16.859,2.965,0.209,35.158,1316.903,2.349,17.642,0.851,6.468,1.209,109.701,352.937,0.996
2594.053,16.875,2.973,0.204,35.2,1317.6,2.345,18.736,0.841,6.452,1.215,106.554,356.954,0.996
2594.156,16.884,2.969,0.2,35.242,1318.297,2.347,19.129,0.837,6.163,1.223,105.577,364.4,0.996
2594.258,17.701,2.951,0.195,35.25,1315.509,2.352,18.252,0.844,5.797,1.231,106.336,369.128,0.996
2594.36,17.73,2.937,0.191,35.253,1312.72,2.362,16.631,0.86,5.54,1.24,107.496,363.712,0.996
2594.462,17.754,2.934,0.186,35.25,1309.931,2.385,14.705,0.908,5.503,1.249,108.316,347.604,0.996
2594.564,17.777,2.931,0.182,35.244,1311.326,2.456,13.396,0.925,5.611,1.256,108.848,330.404,0.996
2594.667,17.844,2.917,0.185,35.244,1311.326,2.505,12.612,0.935,5.802,1.263,109.259,315.541,0.996
2594.769,17.89,2.893,0.188,35.247,1312.023,2.56,12.111,0.937,6.784,1.269,109.636,305.355,0.996
2594.871,17.94,2.879,0.191,35.253,1315.509,2.614,12,0.928,6.729,1.274,109.624,305.896,0.996
2594.973,17.99,2.885,0.194,35.255,1318.297,2.713,11.935,0.93,6.726,1.278,108.993,316.282,0.996
2595.075,18.079,2.901,0.197,35.247,1314.811,2.749,11.921,0.934,6.769,1.28,108.615,327.785,0.996
2595.177,18.117,2.916,0.2,35.23,1310.629,2.774,11.698,0.943,6.799,1.279,109.563,335.428,0.994
2595.279,18.154,2.93,0.203,35.2,1307.84,2.783,11.966,0.943,6.752,1.278,111.484,339.563,0.994
2595.381,18.195,2.941,0.207,35.139,1310.629,2.768,12.609,0.93,6.729,1.274,112.776,340.904,0.994
2595.483,18.288,2.948,0.209,35.128,1312.72,2.752,13.706,0.913,6.858,1.269,112.759,340.206,0.994
2595.585,18.331,2.95,0.211,35.128,1316.206,2.737,14.876,0.896,6.998,1.262,112.673,338.688,0.994
2595.688,18.361,2.953,0.213,35.133,1321.783,2.725,15.135,0.879,7.012,1.254,113.79,338.191,0.994
2595.79,18.37,2.952,0.215,35.167,1332.937,2.704,14.189,0.88,6.985,1.244,116.427,338.68,0.994
2595.892,18.32,2.941,0.217,35.189,1333.634,2.696,12.646,0.887,7.01,1.232,119.362,339.948,0.994
2595.994,18.265,2.931,0.219,35.208,1330.846,2.693,11.114,0.891,7.036,1.218,121.804,342.366,0.994
2596.096,18.193,2.934,0.221,35.219,1325.269,2.687,9.936,0.886,6.972,1.202,123.095,345.097,0.994
2596.198,18.109,2.952,0.223,35.219,1314.811,2.686,9.506,0.878,6.91,1.185,122.951,346.167,0.994
2596.301,17.919,2.966,0.217,35.211,1311.326,2.694,9.599,0.867,6.913,1.169,121.018,345.739,0.994
2596.403,17.821,2.968,0.21,35.203,1308.537,2.708,9.822,0.861,6.915,1.156,118.267,344.745,0.994
2596.505,17.724,2.964,0.204,35.197,1307.84,2.727,10.09,0.869,6.895,1.145,116.389,343.723,0.994
2596.607,17.631,2.963,0.197,35.194,1312.72,2.772,10.736,0.871,6.89,1.136,115.72,343.343,0.994
2596.709,17.464,2.967,0.191,35.194,1315.509,2.795,11.2,0.872,6.912,1.129,115.74,343.958,0.994
2596.811,17.39,2.971,0.184,35.197,1316.206,2.814,11.786,0.871,6.929,1.124,115.939,345.217,0.994
2596.914,17.325,2.969,0.178,35.203,1314.811,2.829,12.389,0.879,6.915,1.119,115.802,346.604,0.994
2597.016,17.27,2.959,0.171,35.203,1312.72,2.836,12.609,0.871,6.879,1.115,115.363,348.188,0.994
2597.118,17.201,2.954,0.178,35.2,1309.234,2.829,12.45,0.879,6.846,1.113,114.468,351.494,0.994
2597.22,17.189,2.964,0.185,35.186,1304.354,2.81,12.491,0.887,6.838,1.112,112.489,356.478,0.994
2597.322,17.89,2.979,0.192,35.164,1301.566,2.79,13.676,0.885,6.855,1.112,109.745,359.618,0.994
2597.424,17.94,2.978,0.199,35.144,1303.657,2.751,15.47,0.864,6.877,1.114,107.67,358.921,0.994
2597.526,17.99,2.959,0.205,35.153,1305.052,2.732,17.44,0.852,6.88,1.116,108.875,355.85,0.994
2597.629,18.079,2.94,0.212,35.172,1305.052,2.711,19.358,0.851,6.875,1.118,112.274,351.745,0.994
2597.731,18.117,2.937,0.219,35.192,1306.446,2.694,20.432,0.857,6.905,1.12,115.247,348.083,0.994
2597.833,18.154,2.947,0.226,35.208,1309.234,2.657,20.801,0.89,6.939,1.121,116.564,347.02,0.994
2597.935,18.195,2.958,0.23,35.217,1307.84,2.635,15.541,0.9,6.838,1.12,116.763,348.909,0.994
2598.037,18.288,2.964,0.233,35.219,1305.749,2.613,13.559,0.904,6.772,1.117,115.812,351.549,0.994
2598.139,18.331,2.968,0.237,35.214,1303.657,2.594,12.796,0.905,6.788,1.111,113.597,352.328,0.994
2598.242,18.361,2.97,0.241,35.2,1302.96,2.568,12.323,0.891,6.785,1.103,110.986,349.449,0.994
2598.344,18.37,2.966,0.245,35.186,1302.96,2.565,11.824,0.891,6.777,1.093,110.053,343.85,0.994
2598.446,18.32,2.958,0.248,35.175,1302.96,2.569,11.524,0.898,6.798,1.083,111.029,339.338,0.994
2598.548,18.265,2.957,0.252,35.178,1304.354,2.577,11.376,0.913,6.803,1.074,112.694,338.126,0.994
2598.65,18.193,2.963,0.256,35.183,1304.354,2.592,11.387,0.94,6.73,1.068,111.103,339.123,0.994
2598.752,18.109,2.964,0.255,35.192,1304.354,2.601,11.141,0.942,6.619,1.065,110.871,341.156,0.994
2598.854,17.919,2.951,0.253,35.205,1304.354,2.606,11.152,0.936,6.497,1.067,108.856,343.835,0.994
2598.957,17.821,2.932,0.252,35.214,1305.052,2.61,11.316,0.921,6.357,1.074,107.206,346.027,0.994
2599.059,17.724,2.926,0.25,35.189,1307.143,2.625,11.64,0.909,6.251,1.087,106.929,347.069,0.994
2599.161,17.631,2.934,0.249,35.169,1308.537,2.637,11.749,0.914,6.233,1.107,100.758,347.211,0.994
2599.263,17.464,2.953,0.247,35.153,1308.537,2.651,11.442,0.927,6.243,1.133,103.792,346.046,0.994
2599.365,17.39,2.963,0.246,35.144,1309.931,2.666,11.414,0.941,6.253,1.164,111.103,343.214,0.994
2599.467,17.325,2.952,0.245,35.155,1312.023,2.702,11.298,0.955,6.281,1.2,110.871,339.838,0.994
2599.57,17.27,2.925,0.241,35.167,1313.417,2.717,11.068,0.952,6.314,1.265,108.856,336.637,0.994
2599.672,17.201,2.91,0.237,35.169,1314.114,2.734,11.02,0.95,6.347,1.241,107.206,334.084,0.994
2599.774,17.189,2.909,0.234,35.172,1314.114,2.75,11.122,0.951,6.47,1.215,106.929,333.819,0.994
2599.876,18.117,2.918,0.23,35.197,1314.114,2.774,11.502,0.966,6.755,1.19,97.768,336.221,0.994
2599.978,18.154,2.932,0.227,35.203,1312.023,2.779,11.956,0.976,7.126,1.168,100.499,339.801,0.994
2600.081,18.195,2.944,0.223,35.203,1309.234,2.779,12.613,0.974,7.466,1.149,102.396,342.618,0.994
2600.183,18.288,2.95,0.22,35.194,1307.84,2.777,12.982,0.967,7.635,1.136,103.406,343.976,0.994
2600.285,18.331,2.95,0.216,35.161,1314.114,2.768,13.21,0.933,7.535,1.127,103.398,343.833,0.994
2600.387,18.361,2.944,0.216,35.161,1321.086,2.764,12.892,0.919,7.233,1.122,102.435,343.202,0.994
2600.489,18.37,2.938,0.216,35.172,1328.057,2.761,12.052,0.911,6.939,1.12,101.523,342.581,0.994
2600.591,18.32,2.936,0.216,35.186,1334.331,2.761,12.066,0.909,6.815,1.117,101.107,342.324,0.994
2600.694,18.265,2.936,0.216,35.183,1337.12,2.764,12.631,0.922,6.859,1.114,101.081,342.653,0.994
2600.796,18.193,2.942,0.216,35.175,1335.726,2.764,13.926,0.923,6.919,1.11,102.127,343.201,0.994
2600.898,18.109,2.96,0.216,35.167,1330.149,2.765,15.044,0.92,6.952,1.106,104.941,343.441,0.994
2601,17.919,2.986,0.216,35.164,1321.783,2.763,15.867,0.91,6.991,1.288,108.802,343.427,0.994
2601.102,17.821,3,0.216,35.133,1308.537,2.759,15.907,0.895,6.996,1.265,111.103,342.775,0.994
2601.204,17.724,3,0.215,35.117,1307.143,2.76,15.951,0.893,6.961,1.241,110.871,341.401,0.994
2601.307,17.631,2.987,0.213,35.1,1308.537,2.763,16.14,0.899,6.949,1.215,108.856,340.139,0.994
2601.409,17.464,2.975,0.212,35.094,1308.537,2.765,16.247,0.913,6.99,1.19,107.206,339.165,0.994
2601.511,17.39,2.974,0.211,35.089,1313.417,2.769,16.888,0.917,7.051,1.168,106.929,337.691,0.994
2601.613,17.325,2.977,0.209,35.083,1315.509,2.77,17.642,0.912,7.071,1.149,107.408,335.954,0.994
2601.716,17.27,2.976,0.208,35.086,1316.206,2.77,18.736,0.904,7.025,1.136,107.217,334.88,0.994
2601.818,17.201,2.973,0.206,35.097,1316.206,2.769,19.129,0.899,6.922,1.127,106.781,334.542,0.994
2601.92,17.189,2.976,0.205,35.122,1316.206,2.762,18.252,0.911,6.776,1.122,107.243,334.904,0.994
2602.022,16.388,2.982,0.198,35.133,1316.206,2.758,16.631,0.925,6.631,1.12,108.107,336.142,0.994
2602.125,16.431,2.979,0.192,35.142,1316.206,2.752,14.705,0.937,6.561,1.117,107.688,338.274,0.994
2602.227,16.466,2.966,0.185,35.147,1316.206,2.744,13.396,0.944,6.559,1.114,105.759,341.232,0.994
2602.329,16.508,2.955,0.178,35.164,1318.297,2.718,12.612,0.935,6.567,1.11,104.134,343.89,0.994
2602.431,16.552,2.955,0.172,35.158,1318.994,2.7,12.111,0.918,6.55,1.106,104.049,345.206,0.994
2602.533,16.641,2.957,0.165,35.15,1319.691,2.682,12,0.904,6.513,1.102,104.436,345.064,0.994
2602.636,16.685,2.954,0.158,35.15,1318.297,2.664,11.935,0.898,6.469,1.1,103.968,343.964,0.994
2602.738,16.727,2.949,0.152,35.15,1315.509,2.626,11.921,0.9,6.437,1.104,103.186,342.685,0.994
2602.84,16.768,2.954,0.158,35.15,1312.023,2.604,11.698,0.9,6.432,1.117,103.925,342.954,0.994
2602.942,16.836,2.971,0.164,35.15,1307.84,2.581,11.966,0.894,6.442,1.138,106.537,344.129,0.994
2603.045,16.859,2.995,0.17,35.15,1304.354,2.558,12.609,0.894,6.411,1.167,110.114,344.406,0.994
2603.147,16.875,3,0.176,35.15,1302.263,2.518,13.706,0.892,6.308,1.203,113.087,343.364,0.994
2603.249,16.884,3,0.182,35.15,1303.657,2.5,14.876,0.899,6.181,1.239,114.378,341.078,0.994
2603.351,16.899,3,0.188,35.15,1307.143,2.483,15.135,0.906,6.08,1.268,113.053,336.639,0.994
2603.453,16.91,2.993,0.194,35.15,1312.023,2.467,14.189,0.92,6.029,1.281,109.701,331.868,0.994
2603.556,16.927,2.971,0.2,35.15,1315.509,2.443,12.646,0.938,6.029,1.276,106.554,329.313,0.994
2603.658,16.949,2.965,0.2,35.15,1317.6,2.432,11.114,0.936,6.05,1.253,105.577,328.201,0.994
2603.76,16.996,2.97,0.2,35.15,1319.691,2.422,9.936,0.928,6.061,1.22,106.336,326.614,0.994
2603.862,17.018,2.977,0.2,35.15,1320.389,2.414,9.506,0.917,6.059,1.185,107.496,324.964,0.994
2603.964,17.039,2.983,0.2,35.15,1322.48,2.405,9.599,0.906,6.06,1.154,108.316,323.075,0.994
2604.067,17.058,2.987,0.2,35.15,1326.663,2.407,9.822,0.91,6.068,1.133,108.848,320.623,0.994
2604.169,17.099,2.989,0.2,35.15,1328.754,2.413,10.09,0.919,6.075,1.123,109.259,318.929,0.994
2604.271,17.122,2.992,0.2,35.15,1327.36,2.422,10.736,0.923,6.074,1.123,109.636,318.953,0.994
2604.373,17.144,2.992,0.2,35.128,1320.389,2.444,11.2,0.914,6.084,1.133,109.624,320.234,0.994
2604.475,17.165,2.988,0.192,35.128,1316.206,2.461,11.786,0.902,6.123,1.151,108.993,323,0.994
2604.578,17.202,2.985,0.184,35.13,1312.72,2.483,12.389,0.892,6.144,1.172,108.615,326.251,0.994
2604.68,17.215,2.992,0.176,35.142,1309.931,2.51,12.609,0.887,6.135,1.195,109.563,328.74,0.994
2604.782,17.227,3,0.168,35.167,1310.629,2.581,12.45,0.896,6.122,1.217,111.484,329.728,0.995
2604.884,17.236,3,0.16,35.178,1311.326,2.617,12.491,0.9,6.105,1.238,112.776,328.747,0.995
2604.987,17.253,3,0.151,35.194,1314.114,2.651,13.676,0.9,6.072,1.256,112.759,327.441,0.995
2605.089,17.265,3,0.143,35.2,1316.903,2.683,15.47,0.894,5.994,1.271,112.673,327.887,0.994
2605.191,17.285,3,0.135,35.208,1317.6,2.727,17.44,0.877,5.892,1.285,113.79,329.788,0.994
2605.293,17.315,3,0.137,35.222,1317.6,2.735,19.358,0.872,5.84,1.296,116.427,332.476,0.994
2605.395,17.414,3,0.14,35.244,1318.297,2.733,20.432,0.874,5.872,1.302,119.362,335.706,0.994
2605.497,17.479,3,0.142,35.264,1321.086,2.725,20.801,0.877,5.936,1.306,121.804,338.25,0.995
2605.6,17.546,3,0.145,35.283,1319.691,2.688,15.541,0.886,5.973,1.302,123.095,340.172,0.995
2605.702,17.608,3,0.147,35.272,1316.903,2.666,13.559,0.883,5.989,1.294,122.951,342.109,0.994
2605.804,17.701,3,0.149,35.25,1314.114,2.644,12.796,0.875,5.997,1.28,121.018,342.735,0.994
2605.906,17.73,3,0.152,35.214,1310.629,2.621,12.323,0.861,5.983,1.262,118.267,342.057,0.994
2606.008,17.754,3,0.154,35.136,1305.749,2.578,11.824,0.846,5.911,1.244,116.389,341.388,0.995
2606.11,17.777,3,0.154,35.1,1305.749,2.555,11.524,0.85,5.726,1.226,115.72,339.849,0.995
2606.212,17.844,3,0.154,35.08,1307.84,2.532,11.376,0.86,5.549,1.214,115.74,338.045,0.995
2606.314,17.89,3,0.154,35.072,1312.023,2.51,11.387,0.866,5.646,1.205,115.939,339.048,0.995
2606.416,17.94,3,0.154,35.044,1320.389,2.467,11.141,0.865,6.067,1.201,115.802,342.846,0.995
2606.519,17.99,3,0.154,35.033,1321.783,2.446,11.152,0.86,6.53,1.2,115.363,345.621,0.995
2606.621,18.079,3,0.154,35.033,1320.389,2.427,11.316,0.852,6.795,1.2,114.468,344.923,0.995
2606.723,18.117,3,0.154,35.042,1317.6,2.41,11.64,0.852,6.877,1.201,112.489,341.566,0.995
2606.825,18.154,2.993,0.154,35.053,1312.023,2.381,11.749,0.868,6.86,1.2,109.745,337.024,0.995
2606.928,18.195,2.979,0.154,35.055,1309.234,2.371,11.442,0.878,6.688,1.197,107.67,332.712,0.995
2607.03,18.288,2.987,0.153,35.058,1309.234,2.359,11.414,0.88,6.334,1.193,108.875,330.905,0.995
2607.133,18.331,3,0.153,35.078,1311.326,2.344,11.298,0.875,5.967,1.188,112.274,333.31,0.995
2607.235,18.361,3,0.153,35.153,1316.206,2.306,11.068,0.837,5.754,1.18,115.247,339.873,0.995
2607.337,18.37,3,0.153,35.18,1318.297,2.287,11.02,0.818,5.792,1.171,116.564,347.041,0.995
2607.44,18.32,3,0.152,35.189,1318.994,2.269,11.122,0.804,6.12,1.16,116.763,351.625,0.995
2607.542,18.265,3,0.152,35.192,1318.297,2.25,11.502,0.798,6.672,1.146,115.812,354.239,0.995
2607.644,18.193,3,0.152,35.18,1312.023,2.218,11.956,0.808,7.219,1.131,113.597,355.55,0.995
2607.746,18.109,3,0.152,35.172,1310.629,2.203,12.613,0.81,7.479,1.116,110.986,355.312,0.995
2607.848,17.919,2.995,0.151,35.164,1310.629,2.19,12.982,0.806,7.326,1.101,110.053,354.481,0.996
2607.95,17.821,3,0.151,35.155,1312.023,2.18,13.21,0.796,6.84,1.089,111.029,352.737,0.996
2608.053,17.724,3,0.151,35.144,1320.389,2.16,12.892,0.783,6.28,1.08,112.694,348.813,0.996
2608.155,17.631,3,0.15,35.144,1325.966,2.153,12.052,0.796,5.893,1.073,113.024,342.778,0.995
2608.257,17.464,3,0.15,35.147,1332.937,2.148,12.066,0.816,5.802,1.07,107.688,335.346,0.996
2608.359,17.39,2.986,0.15,35.161,1337.817,2.145,12.631,0.843,5.879,1.069,105.759,327.388,0.995
2608.461,17.325,2.964,0.149,35.194,1336.423,2.145,13.926,0.876,5.949,1.072,104.134,321.362,0.995
2608.564,17.27,2.947,0.149,35.197,1335.029,2.148,15.044,0.886,5.963,1.077,104.049,317.876,0.996
2608.666,17.201,2.936,0.149,35.192,1335.726,2.156,15.867,0.885,5.983,1.086,104.436,315.174,0.996
2608.768,17.189,2.927,0.15,35.194,1336.423,2.168,15.907,0.882,6.036,1.101,103.968,311.604,0.996
2608.87,17.193,2.92,0.15,35.203,1338.514,2.205,15.951,0.888,6.074,1.121,103.186,307.963,0.995
2608.972,17.21,2.917,0.15,35.203,1343.394,2.225,16.14,0.903,6.042,1.145,103.925,306.038,0.995
2609.074,17.274,2.921,0.15,35.186,1348.971,2.246,16.247,0.916,5.968,1.173,106.537,306.052,0.996
2609.177,17.314,2.936,0.15,35.169,1351.76,2.269,16.888,0.931,6.035,1.201,110.114,307.461,0.996
2609.279,17.357,2.954,0.15,35.161,1347.577,2.319,17.642,0.93,6.34,1.228,113.087,310.345,0.996
2609.381,17.403,2.959,0.149,35.158,1341.303,2.344,18.736,0.915,6.743,1.249,114.378,313.889,0.997
2609.483,17.51,2.948,0.147,35.15,1335.029,2.369,19.129,0.907,7.02,1.265,113.053,316.811,0.997
2609.585,17.57,2.938,0.145,35.144,1329.451,2.395,18.252,0.905,7.058,1.275,109.701,318.254,0.998
2609.688,17.634,2.945,0.144,35.147,1323.874,2.46,16.631,0.914,6.968,1.28,106.554,318.837,0.999
2609.79,17.699,2.969,0.142,35.158,1325.269,2.497,14.705,0.925,6.868,1.282,105.577,318.916,0.999
2609.892,17.822,2.991,0.141,35.167,1328.754,2.535,13.396,0.931,6.785,1.281,106.336,318.059,0.999
2609.994,17.879,2.997,0.139,35.164,1334.331,2.574,12.612,0.932,6.702,1.278,107.496,316.658,0.999
2610.096,17.936,2.988,0.137,35.158,1341.303,2.654,12.111,0.914,6.622,1.274,108.316,316.556,0.999
2610.198,17.993,2.984,0.135,35.147,1343.394,2.696,12,0.908,6.56,1.267,108.848,319.235,0.999
2610.301,18.12,2.99,0.133,35.139,1344.091,2.733,11.935,0.906,6.53,1.258,109.259,323.964,0.999
2610.403,18.19,2.997,0.131,35.136,1344.091,2.761,11.921,0.911,6.53,1.247,109.636,329.591,0.999
2610.505,18.263,2.995,0.129,35.15,1338.514,2.792,11.698,0.932,6.542,1.235,109.624,335.803,0.999
2610.607,18.334,2.985,0.127,35.15,1335.029,2.795,11.966,0.926,6.551,1.222,108.993,342.522,0.999
2610.709,18.461,2.974,0.125,35.15,1332.24,2.788,12.609,0.909,6.552,1.21,108.615,347.642,0.999
2610.812,18.514,2.967,0.123,35.15,1329.451,2.777,13.706,0.882,6.543,1.201,109.563,349.91,0.999
2610.914,18.558,2.961,0.12,35.172,1319.691,2.74,14.876,0.836,6.539,1.196,111.484,350.377,0.999
2611.016,18.596,2.957,0.121,35.183,1315.509,2.716,15.135,0.83,6.56,1.193,112.776,349.449,0.999
2611.118,18.655,2.957,0.122,35.186,1315.509,2.688,14.189,0.834,6.611,1.194,112.759,346.403,0.999
2611.221,18.68,2.961,0.123,35.183,1316.903,2.656,12.646,0.839,6.68,1.196,112.673,342.609,0.999
2611.323,18.703,2.972,0.123,35.178,1319.691,2.578,11.114,0.832,6.716,1.198,113.79,342.043,0.999
2611.425,18.725,2.989,0.124,35.169,1323.177,2.537,9.936,0.821,6.652,1.199,116.427,345.84,0.999
2611.527,18.749,2.996,0.125,35.153,1326.663,2.495,9.506,0.802,6.617,1.2,119.362,351.279,0.999
2611.629,18.737,2.987,0.125,35.133,1329.451,2.458,9.599,0.786,6.9,1.201,108.847,355.758,0.999
2611.731,18.702,2.974,0.126,35.117,1332.24,2.422,9.822,0.779,7.441,1.203,107.016,360.736,0.999
2611.833,18.641,2.976,0.127,35.114,1332.24,2.425,10.09,0.791,8.12,1.208,107.688,364.413,0.999
2611.936,18.461,2.982,0.129,35.108,1332.937,2.441,10.736,0.818,8.883,1.216,105.759,359.75,0.999
2612.038,18.363,2.971,0.13,35.108,1333.634,2.465,11.2,0.85,9.586,1.227,104.134,342.405,0.999
2612.14,18.269,2.93,0.131,35.114,1334.331,2.53,11.786,0.906,9.936,1.24,104.049,314.468,0.999
2612.242,18.185,2.892,0.132,35.125,1334.331,2.559,12.389,0.925,9.517,1.255,104.436,287.58,0.999
2612.345,18.036,2.863,0.133,35.139,1334.331,2.578,12.609,0.938,8.349,1.271,103.968,273.259,0.999
2612.447,17.962,2.868,0.135,35.147,1335.726,2.588,12.45,0.951,6.997,1.286,103.186,277.153,0.999
2612.549,17.885,2.901,0.136,35.147,1335.726,2.563,12.491,0.964,6.007,1.301,103.925,295.96,0.999
2612.652,17.806,2.939,0.138,35.13,1334.331,2.536,13.676,0.955,5.399,1.316,106.537,326.686,1
2612.754,17.651,2.976,0.14,35.111,1333.634,2.505,15.47,0.936,5.161,1.329,110.114,354.177,1
2612.856,17.577,3,0.142,35.097,1332.937,2.47,17.44,0.907,5.219,1.343,113.087,366.98,1
2612.958,17.509,3,0.144,35.094,1329.451,2.412,19.358,0.844,5.46,1.356,114.378,367.198,1
2613.06,17.446,3,0.146,35.1,1326.663,2.394,20.432,0.829,5.82,1.366,113.053,365.34,1
2613.163,17.334,3,0.148,35.1,1325.269,2.379,20.801,0.828,6.092,1.372,109.701,362.284,1
2613.265,17.283,3,0.15,35.097,1325.966,2.37,15.541,0.84,6.115,1.133,106.554,357.161,1
2613.367,17.234,3,0.152,35.147,1327.36,2.355,13.559,0.875,6.221,1.123,105.577,351.299,1.001
2613.469,17.189,3,0.153,35.178,1328.057,2.348,12.796,0.886,6.538,1.123,106.336,345.052,1.001
2613.572,17.121,3,0.153,35.2,1330.149,2.341,12.323,0.889,6.675,1.133,107.496,339.905,1.001
2613.674,17.104,3,0.154,35.217,1334.331,2.331,11.824,0.881,6.512,1.151,108.316,336.828,1.001
2613.776,17.103,3,0.154,35.233,1340.606,2.324,11.524,0.882,6.1,1.172,108.848,335.737,1.001
2613.878,17.119,3,0.155,35.233,1342,2.327,11.376,0.89,5.601,1.195,109.259,336.517,1.001
2613.98,17.195,3,0.155,35.242,1345.486,2.331,11.387,0.903,5.321,1.217,109.636,338.031,1.001
2614.083,17.247,2.991,0.156,35.247,1348.274,2.336,11.141,0.918,5.349,1.238,109.624,338.178,1.001
2614.185,17.303,2.983,0.156,35.244,1348.274,2.34,11.152,0.93,5.536,1.256,108.993,336.226,1.001
2614.287,17.359,2.973,0.157,35.236,1346.88,2.344,11.316,0.925,5.673,1.271,108.615,333.566,1.001
2614.389,17.465,2.967,0.158,35.217,1346.88,2.351,11.64,0.912,5.762,1.285,109.563,331.326,1.001
2614.491,17.513,2.968,0.158,35.197,1346.183,2.361,11.749,0.901,5.848,1.296,111.484,329.504,1.001
2614.593,17.557,2.97,0.159,35.172,1335.029,2.382,11.442,0.901,5.914,1.302,112.776,329.007,1.001
2614.695,17.595,2.97,0.16,35.167,1330.149,2.394,11.414,0.914,6.071,1.306,112.759,330.647,1.001
2614.797,17.652,2.97,0.16,35.161,1328.754,2.409,11.298,0.924,6.358,1.302,112.673,333.431,1.001
2614.899,17.67,2.973,0.161,35.153,1328.754,2.428,11.068,0.928,6.548,1.294,113.79,336.082,1.001
2615.002,17.681,2.977,0.161,35.161,1328.754,2.472,11.02,0.909,6.515,1.28,116.427,337.643,1.001
2615.104,17.687,2.976,0.163,35.175,1330.149,2.497,11.122,0.892,6.411,1.262,119.362,336.739,1.001
2615.206,17.684,2.967,0.164,35.189,1332.937,2.526,11.502,0.883,6.34,1.244,105.95,333.851,1.001
2615.308,17.679,2.957,0.165,35.192,1335.726,2.551,11.956,0.882,6.302,1.226,104.398,331.467,1.001
2615.41,17.675,2.956,0.167,35.175,1335.726,2.595,12.613,0.898,6.278,1.214,104.238,330.87,1.001
2615.513,17.676,2.972,0.168,35.164,1332.937,2.611,12.982,0.903,6.257,1.205,106.635,331.806,1.001
2615.615,17.706,2.993,0.169,35.155,1330.149,2.621,13.21,0.902,6.269,1.201,109.695,334.115,1.001
2615.717,17.737,3,0.17,35.136,1329.451,2.625,12.892,0.895,6.302,1.2,111.471,336.799,1.001
2615.819,17.777,3,0.172,35.105,1326.663,2.63,12.052,0.873,6.29,1.2,112.086,339.038,1
2615.921,17.825,3,0.173,35.089,1324.571,2.634,12.066,0.87,6.254,1.201,113.721,341.152,1.001
2616.023,17.925,3,0.175,35.078,1323.177,2.642,12.631,0.877,6.378,1.2,116.744,343.284,1.001
2616.126,17.97,3,0.177,35.067,1323.177,2.653,13.926,0.89,6.618,1.197,118.743,345.393,1.001
2616.228,18.008,3,0.178,35.061,1321.086,2.674,15.044,0.917,6.774,1.193,118.015,348.146,1.001
2616.33,18.037,3,0.18,35.064,1320.389,2.678,15.867,0.922,6.829,1.188,115.22,351.645,1.001
2616.433,18.074,3,0.182,35.078,1320.389,2.676,15.907,0.92,6.6,1.18,112.38,353.81,1.001
2616.535,18.082,2.998,0.183,35.097,1321.086,2.671,15.951,0.905,6.207,1.171,110.409,353.463,1.001
2616.637,18.084,2.987,0.185,35.125,1326.663,2.651,16.14,0.876,5.91,1.16,108.928,353.92,0.999
2616.74,18.078,2.977,0.185,35.15,1331.543,2.636,16.247,0.866,5.833,1.146,107.438,355.864,0.999
2616.842,18.037,2.97,0.185,35.175,1337.12,2.618,16.888,0.861,5.846,1.131,106.356,356.274,0.999
2616.944,18.002,2.97,0.185,35.189,1342,2.599,17.642,0.855,5.863,1.116,106.411,355.243,0.999
2617.046,17.959,2.979,0.185,35.197,1346.183,2.558,18.736,0.831,5.852,1.101,107.775,354.361,0.999
2617.148,17.911,2.993,0.185,35.192,1346.88,2.538,19.129,0.814,5.84,1.089,109.818,352.48,0.999
2617.251,17.813,2.999,0.185,35.18,1345.486,2.518,18.252,0.802,5.845,1.08,110.678,348.805,0.999
2617.353,17.769,2.991,0.185,35.18,1342,2.5,16.631,0.799,5.846,1.073,109.458,345.198,0.999
2617.455,17.728,2.973,0.185,35.186,1335.726,2.465,14.705,0.816,5.822,1.07,106.819,344.441,0.999
2617.557,17.692,2.964,0.184,35.186,1335.726,2.444,13.396,0.833,5.769,1.069,105.468,346.368,0.999
2617.659,17.63,2.973,0.182,35.186,1335.726,2.422,12.612,0.846,5.71,1.072,106.812,349.358,0.999
2617.761,17.603,2.996,0.181,35.178,1334.331,2.4,12.111,0.851,5.689,1.077,110.259,352.135,0.999
2617.864,17.579,3,0.18,35.178,1335.726,2.356,12,0.841,5.757,1.086,112.867,354.144,0.999
2617.966,17.555,3,0.178,35.178,1335.726,2.336,11.935,0.837,5.9,1.101,112.582,354.481,0.999
2618.068,17.508,2.997,0.177,35.178,1333.634,2.319,11.921,0.844,6.07,1.121,110.322,352.301,0.999
2618.17,17.485,2.99,0.176,35.178,1332.937,2.308,11.698,0.86,6.228,1.145,109.384,347.918,0.999
2618.272,17.462,2.996,0.175,35.178,1333.634,2.301,11.966,0.908,6.375,1.173,110.251,342.632,0.999
2618.375,17.437,2.991,0.174,35.178,1333.634,2.306,12.609,0.925,6.564,1.201,110.322,337.786,0.999
2618.477,17.368,2.961,0.173,35.178,1333.634,2.314,13.706,0.935,6.799,1.228,109.384,334.413,0.999
2618.579,17.319,2.929,0.173,35.178,1333.634,2.324,14.876,0.937,6.95,1.249,110.251,333.239,0.999
2618.681,17.261,2.924,0.172,35.178,1332.24,2.357,15.135,0.928,6.865,1.265,109.456,333.927,0.999
2618.783,17.2,2.939,0.171,35.178,1330.149,2.376,14.189,0.93,6.559,1.275,101.569,335.644,0.999
2618.885,17.102,2.955,0.171,35.178,1327.36,2.397,12.646,0.934,6.167,1.28,104.158,337.838,0.999
2618.988,17.078,2.95,0.17,35.178,1324.571,2.417,11.114,0.943,5.782,1.282,110.322,339.981,0.999
2619.09,17.076,2.936,0.169,35.178,1322.48,2.449,9.936,0.943,5.494,1.281,109.384,341.583,0.999
2619.192,17.093,2.93,0.167,35.178,1322.48,2.459,9.506,0.93,5.402,1.278,110.251,342.39,0.999
2619.294,17.163,2.929,0.165,35.178,1322.48,2.462,9.599,0.913,5.494,1.274,109.456,342.458,0.999
2619.396,17.204,2.931,0.162,35.178,1324.571,2.462,9.822,0.896,5.651,1.267,100.144,342.296,0.999
2619.498,17.243,2.937,0.16,35.178,1327.36,2.466,10.09,0.879,5.776,1.258,101.282,342.661,0.999
2619.601,17.28,2.948,0.158,35.178,1326.663,2.473,10.736,0.88,5.888,1.247,103.071,343.758,0.999
2619.703,17.345,2.956,0.155,35.178,1325.966,2.476,11.2,0.887,6.097,1.235,104.213,344.845,0.999
2619.805,17.378,2.949,0.153,35.178,1325.269,2.476,11.786,0.891,6.453,1.222,103.162,344.952,0.999
2619.907,17.414,2.939,0.151,35.178,1322.48,2.48,12.389,0.886,6.826,1.21,101.504,344.073,0.999
2620.009,17.454,2.936,0.151,35.125,1319.691,2.483,12.609,0.878,7.041,1.201,101.047,342.651,0.999
2620.111,17.539,2.948,0.151,35.142,1316.903,2.488,12.45,0.867,7.011,1.196,103.03,341.137,0.999
2620.214,17.577,2.967,0.151,35.15,1313.417,2.492,12.491,0.861,6.729,1.193,105.985,340.254,0.999
2620.316,17.606,2.978,0.15,35.155,1311.326,2.491,13.676,0.869,6.257,1.194,107.627,340.949,0.999
2620.418,17.627,2.975,0.15,35.155,1311.326,2.487,15.47,0.871,5.747,1.196,107.103,343.022,0.999
2620.52,17.647,2.964,0.15,35.15,1312.023,2.484,17.44,0.872,5.404,1.198,105.533,344.958,0.999
2620.622,17.654,2.96,0.15,35.13,1314.811,2.48,19.358,0.871,5.332,1.199,104.91,345.589,0.999
2620.725,17.661,2.969,0.15,35.094,1324.571,2.478,20.432,0.869,5.495,1.2,106.305,345.472,0.999
2620.827,17.672,2.983,0.155,35.069,1330.149,2.486,20.801,0.873,5.76,1.201,108.347,345.491,0.999
2620.929,17.697,2.984,0.159,35.053,1335.029,2.497,15.541,0.884,6.036,1.203,108.43,345.522,0.999
2621.031,17.709,2.965,0.164,35.05,1336.423,2.515,13.559,0.892,6.303,1.208,107.688,344.666,0.999
2621.134,17.719,2.94,0.169,35.044,1337.12,2.554,12.796,0.898,6.535,1.216,105.759,342.602,0.999
2621.236,17.729,2.928,0.173,35.044,1335.726,2.572,12.323,0.897,6.699,1.227,104.134,340.09,0.999
2621.338,17.753,2.929,0.178,35.053,1332.937,2.585,11.824,0.891,6.783,1.24,104.049,338.018,0.999
2621.44,17.771,2.936,0.183,35.067,1329.451,2.593,11.524,0.882,6.81,1.255,104.436,336.595,0.999
2621.543,17.795,2.935,0.188,35.103,1327.36,2.603,11.376,0.878,6.816,1.271,103.968,336.349,0.999
2621.645,17.823,2.923,0.188,35.117,1329.451,2.606,11.387,0.887,6.83,1.286,103.186,337.655,0.999
2621.748,17.888,2.911,0.188,35.114,1332.937,2.614,11.141,0.9,6.84,1.301,103.925,339.614,0.999
2621.85,17.917,2.908,0.189,35.108,1338.514,2.625,11.152,0.912,6.826,1.316,106.537,339.827,0.999
2621.952,17.941,2.918,0.189,35.1,1345.486,2.658,11.316,0.923,6.809,1.329,110.114,337.036,0.999
2622.054,17.957,2.938,0.19,35.097,1346.183,2.678,11.64,0.919,6.813,1.343,113.087,332.281,0.999
2622.156,17.971,2.951,0.19,35.083,1344.789,2.7,11.749,0.923,6.79,1.356,114.378,328.606,0.999
2622.259,17.977,2.946,0.191,35.067,1341.303,2.723,11.442,0.931,6.661,1.366,113.053,326.701,0.999
2622.361,17.989,2.929,0.191,35.042,1332.937,2.764,11.414,0.961,6.428,1.372,109.701,326.519,0.999
