X1,X2,X3,X4,X5,X6,X7,X8,X9,X10,X11,Y
225.392,27.821,46.774,11.917,2.44,12.047,0.922,4.649,10.517,10.1985,12.718,2
227.1,27.837,47.594,11.552,2.46,12.248,0.916,5.702,10.453,10.1985,13.887,2
230.103,27.796,48.423,11.211,2.491,12.439,1.01,6.639,10.659,10.1985,14.588,2
233.563,27.748,50.912,10.988,2.524,12.618,1.221,7.296,11.249,10.1985,14.379,2
238.342,27.684,58.514,10.974,2.535,12.913,1.444,7.543,12.238,10.1985,13.327,2
283.37,23.009,114.812,24.545,2.594,9.187,0.869,3.409,22.548,10.1985,2.973,2
284.969,23.108,109.887,24.24,2.581,9.141,1.066,3.701,21.57,10.1985,3.148,2
283.089,23.148,102.487,23.659,2.557,9.11,1.192,3.634,20.369,10.1985,3.33,2
279.193,23.188,93.296,22.782,2.539,9.101,1.315,3.511,19.128,10.1985,3.49,2
274.252,23.235,84.119,21.648,2.536,9.123,1.481,3.498,18.108,10.1985,3.613,2
265.41,23.371,77.98,20.391,2.544,9.161,1.621,3.657,17.389,10.1985,3.694,2
251.408,23.468,75.346,19.245,2.555,9.213,1.605,4.01,17.003,10.1985,3.742,2
237.494,23.582,75.861,18.373,2.562,9.319,1.336,4.429,16.954,10.1985,3.786,2
228.35,23.706,79.286,17.83,2.567,9.358,1.002,4.587,17.228,10.1985,3.844,2
226.596,23.96,86.301,17.632,2.568,9.375,0.851,4.341,17.838,10.1985,3.909,2
235.158,24.081,96.932,17.773,2.57,9.368,0.821,3.86,18.605,10.1985,3.954,2
252.537,24.196,107.333,18.254,2.573,9.283,0.801,3.424,19.432,10.1985,3.949,2
230.641,17.782,88.055,16.298,2.474,14.465,1.348,6.082,14.153,10.1985,5.351,2
223.703,17.689,84.239,15.406,2.455,14.426,1.544,8.693,13.851,10.1985,5.683,2
222.933,17.626,81.31,14.788,2.455,14.442,1.708,9.175,13.811,10.1985,5.971,2
226.259,17.549,79.227,14.452,2.478,14.541,1.891,7.606,14.012,10.1985,6.201,2
231.855,17.461,79.147,14.387,2.512,14.594,2.03,5.416,14.386,10.1985,6.341,2
237.882,17.276,82.183,14.573,2.533,14.623,2.079,4.222,14.848,10.1985,6.359,2
240.805,17.184,86.949,14.943,2.524,14.623,2.021,4.299,15.377,10.1985,6.242,2
240.771,17.09,90.522,15.41,2.494,14.512,1.851,5.214,15.968,10.1985,5.985,2
240.55,16.991,90.933,15.949,2.468,14.414,1.717,5.989,16.629,10.1985,5.653,2
241.129,16.763,90.57,16.552,2.461,14.284,1.785,5.893,17.354,10.1985,5.306,2
245.715,16.635,92.934,17.226,2.468,14.121,2.063,4.888,17.996,10.1985,4.993,2
255.62,16.507,98.545,17.967,2.478,13.736,2.411,3.699,18.349,10.1985,4.742,2
216.7,16.278,91.773,12.273,2.52,12.893,1.729,5.377,11.714,10.1985,6.421,2
223.41,16.37,81.655,12.031,2.507,13.043,1.326,4.432,12.231,10.1985,6.395,2
230.586,16.427,76.448,12.218,2.502,13.178,0.854,4.052,12.945,10.1985,6.195,2
238.708,16.487,77.67,12.733,2.503,13.365,0.665,4.266,13.749,10.1985,5.913,2
245.903,16.545,85.235,13.457,2.507,13.403,0.659,4.755,14.533,10.1985,5.659,2
249.477,16.627,94.415,14.28,2.514,13.403,0.66,5.07,15.184,10.1985,5.452,2
251.117,16.649,101.118,15.086,2.527,13.371,0.666,5.012,15.617,10.1985,5.278,2
251.725,16.665,102.955,15.763,2.543,13.266,0.814,4.588,15.93,10.1985,5.113,2
258.819,18.318,118.514,14.028,2.538,10.402,1.575,3.544,11.124,10.1985,4.353,2
241.583,18.71,110.519,12.518,2.542,10.449,1.332,4.558,10.757,10.1985,4.817,2
227.948,18.9,98.335,11.629,2.547,10.568,1.071,6.83,10.827,10.1985,5.44,2
217.358,19.085,83.808,11.247,2.551,10.983,0.966,10.834,11.315,10.1985,6.145,2
210.635,19.262,71.403,11.318,2.551,11.246,1.001,2.4005,12.205,10.1985,6.693,2
210.205,19.576,63.752,11.864,2.552,11.523,1.181,2.4005,13.523,10.1985,6.921,2
214.495,19.7,61.157,12.866,2.555,11.795,1.591,10.613,15.246,10.1985,6.805,2
221.329,19.796,63.994,14.346,2.555,12.244,2.058,8.325,17.122,10.1985,6.432,2
231.628,19.862,71.894,16.233,2.551,12.395,2.42,6.358,18.89,10.1985,6.025,2
244.504,19.906,83.927,18.226,2.547,12.496,2.632,5.071,20.273,10.1985,5.691,2
257.278,19.884,96.985,20.013,2.547,12.551,2.813,4.368,21.023,10.1985,5.4,2
267.119,19.833,107.828,21.279,2.557,12.533,3.06,3.989,20.97,10.1985,5.115,2
259.478,16.352,110.002,16.165,2.448,11.747,0.825,4.61,14.621,10.1985,4.982,2
250.343,16.006,101.837,16.098,2.443,11.652,0.73,4.865,13.779,10.1985,5.242,2
239.217,15.884,90.541,14.296,2.453,11.586,0.674,4.384,13.052,10.1985,5.565,2
228.456,15.795,81.036,13.535,2.482,11.547,0.664,4.006,12.503,10.1985,5.927,2
219.92,15.733,76.323,13.002,2.521,11.574,0.673,4.362,12.287,10.1985,6.275,2
216.491,15.666,77.143,12.842,2.553,11.63,0.678,5.795,12.392,10.1985,6.534,2
218.96,15.642,80.122,13.046,2.553,11.701,0.674,8.202,12.83,10.1985,6.614,2
224.937,15.615,83.135,13.618,2.524,11.839,0.675,8.55,13.576,10.1985,6.409,2
233.396,15.582,86.657,14.513,2.5,11.89,0.649,6.397,14.565,10.1985,6.137,2
244.915,15.503,92.591,15.622,2.507,11.928,0.639,4.154,15.656,10.1985,5.818,2
256.446,15.465,100.834,16.717,2.536,11.951,0.696,3.05,16.578,10.1985,5.504,2
262.137,15.431,107.131,17.566,2.553,12.007,0.828,3.303,17.228,10.1985,5.256,2
258.748,15.402,107.598,18.119,2.537,12.058,1.001,4.408,17.623,10.1985,5.098,2
250.134,15.347,102.126,18.441,2.501,12.132,1.2,5.399,17.852,10.1985,5.01,2
242.612,15.317,96.692,18.671,2.474,12.226,1.414,5.295,18.057,10.1985,4.938,2
240.041,15.282,95.885,18.993,2.468,12.444,1.527,4.453,18.401,10.1985,4.849,2
246.166,16.428,106.882,10.909,2.512,12.296,0.822,4.329,11.481,10.1985,5.891,2
235.453,16.838,98.462,10.05,2.501,12.432,0.663,4.652,10.606,10.1985,6.184,2
222.756,17.068,89.263,9.409,2.482,12.595,0.558,5.216,9.84,10.1985,6.428,2
212.121,17.31,82.998,9.101,2.47,12.908,0.481,5.932,9.198,10.1985,6.603,2
207.922,17.558,83.125,9.269,2.469,13.018,0.452,6.407,8.772,10.1985,6.661,2
212.583,18.067,90.512,9.821,2.476,13.065,0.468,6.246,8.623,10.1985,6.545,2
225.054,18.322,101.091,10.712,2.49,13.047,0.508,5.331,8.832,10.1985,6.186,2
241.93,18.574,110.753,11.998,2.512,12.799,0.596,4.624,9.467,10.1985,5.623,2
266.07,21.122,113.295,16.867,2.462,10.57,1.818,4.036,15.935,10.1985,3.997,2
261.892,21.295,103.23,15.607,2.473,10.597,1.609,4.614,14.749,10.1985,4.299,2
261.846,21.388,88.098,14.833,2.499,10.639,1.404,4.791,14.076,10.1985,4.615,2
262.594,21.49,73.406,14.516,2.524,10.795,1.229,4.513,13.882,10.1985,4.934,2
259.177,21.601,67.088,14.591,2.534,10.907,0.964,4.507,14.081,10.1985,5.314,2
247.836,21.836,71.33,14.953,2.517,11.037,0.709,4.832,14.545,10.1985,5.84,2
231.794,21.949,80.61,15.367,2.486,11.179,0.64,5.529,14.936,10.1985,6.6,2
217.626,22.054,85.363,15.513,2.457,11.461,0.654,6.611,14.889,10.1985,7.68,2
213.22,22.151,80.939,15.195,2.439,11.587,0.649,8.057,14.297,10.1985,9.163,2
220.019,22.332,69.914,14.4,2.432,11.699,0.685,9.03,13.238,10.1985,11.17,2
231.771,22.428,59.758,13.253,2.429,11.8,0.8,9.226,11.921,10.1985,13.382,2
239.905,22.534,54.811,11.986,2.426,12.007,0.958,9.641,10.678,10.1985,15.486,2
240.975,22.653,55.045,10.865,2.423,12.127,1.141,11.033,9.75,10.1985,17.148,2
235.066,22.916,57.195,10.041,2.421,12.286,1.303,2.4005,9.14,10.1985,18.046,2
226.169,23.047,58.771,9.519,2.421,12.474,1.445,2.4005,8.859,66.414,17.816,2
221.492,23.166,59.638,9.306,2.422,12.994,1.571,2.4005,8.908,66.414,16.901,2
224.027,23.268,61.144,9.4,2.424,13.33,1.649,9.927,9.277,63.581,15.364,2
228.721,23.415,64.74,9.8,2.435,13.687,1.614,8.46,10.005,60.931,13.519,2
231.007,23.461,72.279,10.53,2.458,14.051,1.502,8.311,10.958,59.353,11.679,2
233.721,23.488,82.949,11.469,2.523,14.719,1.346,8.675,12.025,58.191,10.065,2
239.129,23.493,92.439,12.518,2.568,15.017,1.162,8.028,13.098,59.356,8.906,2
243.203,23.418,93.992,13.572,2.584,15.27,1.0,6.342,14.073,64.107,8.115,2
243.111,23.335,90.516,14.538,2.596,15.489,0.867,5.014,14.85,67.995,7.634,2
241.889,23.223,87.796,15.325,2.609,15.895,0.762,4.572,15.353,69.709,7.389,2
241.339,23.086,85.905,15.864,2.623,16.082,0.767,5.015,15.59,73.081,7.298,2
238.581,22.766,79.502,16.151,2.639,16.29,0.943,5.929,15.534,76.656,7.284,2
235.848,22.593,67.632,16.169,2.655,16.503,1.104,6.478,15.186,77.344,7.277,2
240.201,22.412,57.29,15.913,2.67,16.885,1.176,6.256,14.581,73.892,7.263,2
250.812,22.222,52.763,15.405,2.679,17.038,1.315,5.618,13.818,68.32,7.245,2
258.78,21.792,52.496,14.715,2.683,17.171,1.502,5.06,13.126,36.956,7.217,2
260.537,21.546,53.072,14.005,2.682,17.302,1.559,5.054,12.628,26.152,7.166,2
257.067,21.279,54.0,13.424,2.674,17.551,1.246,5.584,12.402,18.998,7.045,2
249.209,20.997,57.393,13.062,2.661,17.709,0.874,6.082,12.497,4.12,6.843,2
237.463,20.419,66.013,12.976,2.646,17.887,0.675,6.174,12.94,4.254,6.586,2
227.183,20.134,79.832,13.202,2.632,18.069,0.688,5.819,13.746,15.526,6.308,2
226.161,19.853,93.596,13.761,2.619,18.347,0.695,5.214,14.752,20.309,6.035,2
240.613,15.752,90.776,14.369,2.644,10.873,1.336,5.099,10.851,20.846,5.618,2
231.874,16.102,75.471,13.089,2.641,10.948,1.438,5.032,10.378,18.587,6.263,2
223.465,16.323,62.226,12.044,2.633,11.061,1.55,5.089,10.299,14.27,7.113,2
217.492,16.578,54.157,11.281,2.621,11.398,1.668,5.818,10.558,9.52,8.162,2
211.197,16.866,51.338,10.85,2.609,11.61,1.822,7.77,11.161,7.56,9.331,2
205.605,17.524,52.898,10.775,2.598,11.845,1.987,10.798,12.103,8.636,10.232,2
205.755,17.882,57.739,11.053,2.587,12.087,2.07,2.4005,13.365,10.789,10.622,2
210.625,18.251,66.153,11.696,2.576,12.552,2.016,12.056,14.902,11.193,10.537,2
216.82,18.629,77.746,12.698,2.565,12.746,1.877,9.178,16.472,10.877,10.057,2
224.101,19.422,88.713,14.037,2.554,12.896,1.642,5.989,17.892,11.802,9.271,2
232.532,19.845,96.68,15.647,2.543,13.001,1.346,4.589,19.049,13.961,8.315,2
240.775,20.289,102.495,17.27,2.533,13.047,1.107,4.069,19.878,15.907,7.437,2
249.563,25.362,66.149,17.136,2.517,12.521,0.843,5.813,12.27,16.392,6.379,2
241.391,26.164,58.479,15.426,2.52,12.716,0.813,5.099,11.108,15.126,6.643,2
236.824,26.538,53.977,13.815,2.518,12.948,0.778,4.237,10.24,14.281,7.037,2
234.297,26.891,50.827,12.419,2.512,13.459,0.788,3.688,9.684,21.548,7.672,2
232.33,27.225,48.425,11.306,2.504,13.703,0.851,3.556,9.487,28.06,8.654,2
230.546,27.852,47.028,10.512,2.493,13.918,0.961,3.828,9.54,24.532,10.094,2
228.804,28.152,46.494,10.069,2.482,14.105,1.096,4.475,9.799,23.111,12.121,2
227.267,28.446,46.256,9.963,2.471,14.396,1.259,5.419,10.21,25.381,14.912,2
227.058,28.734,46.687,10.105,2.46,14.497,1.387,6.227,10.712,31.855,18.044,2
229.346,29.293,49.152,10.442,2.451,14.584,1.47,6.733,11.232,39.946,21.02,2
232.985,29.569,54.186,10.913,2.445,14.649,1.508,7.022,11.684,46.419,23.343,2
235.818,29.847,60.329,11.446,2.445,14.743,1.526,7.309,12.04,49.978,24.609,2
238.202,30.132,66.095,11.957,2.449,14.781,1.531,7.587,12.287,46.977,24.653,2
241.778,30.737,70.324,12.38,2.458,14.821,1.551,7.007,12.429,42.333,24.133,2
245.702,31.059,71.995,12.695,2.468,14.87,1.586,5.944,12.481,37.717,23.524,2
246.713,31.39,70.803,12.895,2.477,14.996,1.62,5.091,12.474,32.104,22.911,2
243.392,31.725,67.008,12.993,2.483,15.075,1.634,4.895,12.473,23.796,22.254,2
238.901,32.388,62.525,13.013,2.486,15.157,1.616,5.232,12.508,19.824,21.43,2
234.751,32.708,58.732,13.009,2.487,15.245,1.499,5.015,12.599,20.907,20.18,2
230.786,33.015,56.285,13.031,2.486,15.44,1.08,4.188,12.746,21.466,18.682,2
231.473,33.308,54.549,13.103,2.487,15.548,0.587,3.396,12.918,16.989,17.102,2
238.811,33.83,52.794,13.235,2.488,15.684,0.363,3.0,13.007,8.248,15.623,2
245.126,34.043,51.148,13.405,2.49,15.84,0.379,3.1,12.941,8.341,14.423,2
246.381,34.213,50.274,13.528,2.492,16.262,0.469,3.499,12.707,14.894,13.691,2
244.199,34.33,50.023,13.511,2.495,16.533,0.628,3.963,12.337,26.095,13.511,2
239.133,34.382,49.639,13.319,2.501,16.858,0.802,4.659,11.909,31.886,13.766,2
232.763,34.311,49.004,12.972,2.509,17.214,0.934,5.689,11.566,32.192,14.321,2
229.265,34.175,47.989,12.541,2.52,18.036,1.048,6.854,11.396,30.967,14.954,2
229.491,33.98,46.394,12.16,2.532,18.49,1.135,7.6,11.429,30.3,15.353,2
230.535,33.423,45.256,11.941,2.543,18.945,1.15,6.98,11.671,27.832,14.995,2
230.222,33.071,48.753,11.929,2.548,19.388,1.087,5.88,12.101,20.884,14.052,2
228.729,32.676,59.268,12.139,2.546,20.164,0.987,4.969,12.666,15.799,12.895,2
228.523,32.246,75.106,12.553,2.538,20.44,0.92,4.483,13.202,20.732,11.822,2
231.375,31.331,88.937,13.121,2.529,20.614,0.895,4.408,13.563,26.197,11.072,2
238.087,30.878,95.541,13.685,2.522,20.689,0.929,4.561,13.7,24.686,10.795,2
246.612,30.448,94.515,14.086,2.518,20.569,1.019,4.821,13.627,19.228,11.004,2
249.603,30.051,89.864,14.256,2.523,20.404,1.165,5.307,13.424,10.465,11.451,2
243.898,29.375,84.927,14.2,2.531,20.211,1.284,6.131,13.266,5.917,11.89,2
234.875,29.09,81.186,13.998,2.539,20.005,1.322,7.431,13.308,6.9,12.047,2
226.073,28.831,78.93,13.831,2.546,19.592,1.295,9.33,13.597,6.61,11.661,2
219.35,28.592,77.886,13.866,2.55,19.4,1.26,11.584,14.152,0.101,10.485,2
218.27,28.146,78.051,14.162,2.549,19.214,1.186,11.727,14.959,0.0,9.035,2
223.635,27.931,80.003,14.181,2.549,19.01,1.039,9.701,15.976,0.0,7.659,2
230.551,27.716,89.458,15.593,2.551,18.57,0.739,6.959,17.106,0.0,6.468,2
265.049,22.915,113.884,18.172,2.582,12.016,0.899,2.936,14.556,0.0,4.107,2
262.939,22.206,110.77,16.372,2.576,11.774,1.09,3.016,13.137,14.081,4.639,2
257.213,21.853,101.894,14.717,2.569,11.579,1.288,3.733,12.042,31.297,5.328,2
246.666,21.505,90.615,13.338,2.562,11.332,1.36,5.562,11.34,36.277,6.159,2
232.19,21.164,79.416,12.327,2.559,11.285,1.29,8.606,10.981,36.966,7.099,2
218.415,20.519,69.647,11.716,2.556,11.284,1.127,2.4005,10.86,41.282,8.104,2
209.12,20.222,62.147,11.431,2.553,11.282,0.912,2.4005,10.93,47.557,9.16,2
204.452,20.085,59.496,11.379,2.549,11.399,0.712,11.448,11.141,50.709,10.079,2
207.529,19.947,62.696,11.51,2.543,11.488,0.524,8.871,11.443,44.393,10.634,2
217.723,19.481,69.078,11.771,2.536,11.582,0.348,6.983,11.76,29.89,10.773,2
229.092,19.293,75.374,12.094,2.533,11.666,0.253,6.278,12.008,12.05,10.544,2
236.422,19.134,80.203,12.393,2.532,11.792,0.272,6.648,12.154,1.143,10.088,2
239.454,19.006,83.007,12.602,2.535,11.839,0.335,7.337,12.186,0.38,9.645,2
238.868,18.834,82.724,12.697,2.541,11.882,0.41,7.095,12.107,7.533,9.389,2
235.818,18.78,79.225,12.673,2.548,11.929,0.493,6.504,11.941,15.068,9.327,2
232.812,18.739,73.799,12.543,2.553,12.101,0.562,6.176,11.768,18.603,9.399,2
230.776,18.703,69.308,12.366,2.556,12.238,0.65,6.553,11.667,18.14,9.493,2
227.973,18.629,67.384,12.227,2.559,12.432,0.825,7.494,11.691,16.184,9.412,2
223.576,18.581,68.983,12.195,2.561,12.67,1.098,9.088,11.878,15.17,8.954,2
219.265,18.52,74.267,12.32,2.563,13.293,1.275,10.289,12.257,15.985,8.247,2
217.654,18.441,81.919,12.637,2.568,13.655,1.245,10.023,12.884,20.071,7.441,2
219.795,18.219,90.677,13.195,2.574,14.037,1.154,8.143,13.708,17.62,6.655,2
226.569,18.08,99.637,13.982,2.58,14.423,1.057,5.618,14.678,11.827,5.96,2
236.124,17.93,106.744,14.944,2.586,15.107,0.941,4.242,15.736,5.732,5.379,2
261.344,19.488,112.212,14.949,2.518,8.45,0.97,4.753,13.661,3.523,6.375,2
264.916,19.898,112.065,13.662,2.514,8.523,1.122,3.973,12.328,4.669,7.16,2
260.234,20.112,106.325,12.288,2.512,8.603,1.539,3.853,11.04,4.449,8.152,2
250.711,20.331,96.685,10.999,2.512,8.808,2.342,4.484,9.875,1.963,9.374,2
241.505,20.555,85.565,9.86,2.514,8.966,3.018,6.039,8.875,0.0,10.796,2
233.816,21.023,75.63,8.904,2.519,9.161,3.392,7.821,8.056,0.979,12.406,2
227.209,21.265,67.869,8.166,2.528,9.403,3.641,9.103,7.465,0.844,14.23,2
222.283,21.511,62.983,7.666,2.54,10.04,3.976,9.743,7.094,0.0,16.075,2
218.041,21.76,61.162,7.403,2.554,10.418,4.506,10.308,6.95,0.0,17.51,2
212.891,22.265,63.728,7.392,2.567,10.843,5.378,2.4005,7.05,0.0,17.645,2
208.41,22.52,74.487,7.651,2.577,11.293,6.161,2.4005,7.412,0.0,16.219,2
208.704,22.773,93.103,8.207,2.58,12.215,6.546,2.4005,8.066,0.0,14.046,2
235.461,26.372,80.758,10.649,2.558,12.067,0.709,5.78,10.056,0.0,5.024,2
221.099,26.71,71.784,9.798,2.552,12.123,0.68,6.638,9.279,0.0,5.709,2
211.116,26.861,66.451,9.197,2.548,12.255,0.702,7.595,8.722,0.0,6.446,2
205.968,27.002,63.307,8.794,2.545,12.696,0.821,8.978,8.351,0.0,7.161,2
203.103,27.135,61.902,8.572,2.543,12.975,1.019,11.014,8.147,0.0,7.737,2
202.118,27.385,61.547,8.53,2.54,13.278,1.223,2.4005,8.113,0.0,8.05,2
203.537,27.501,61.559,8.761,2.538,13.583,1.496,2.4005,8.34,0.0,8.202,2
205.399,27.609,62.395,9.282,2.539,14.137,1.782,2.4005,8.856,0.0,8.284,2
208.12,27.706,66.791,10.168,2.541,14.351,1.962,9.941,9.735,0.0,8.236,2
217.389,27.855,76.319,11.49,2.548,14.494,1.988,7.754,11.049,0.0,7.999,2
234.163,27.903,89.339,13.303,2.557,14.548,1.969,5.952,12.852,0.0,7.509,2
251.386,27.934,102.08,15.645,2.567,14.369,1.907,4.46,15.184,0.0,6.765,2
242.728,20.72,83.957,15.286,2.587,7.185,0.462,5.377,13.463,0.0,5.873,2
240.894,20.38,82.634,13.65,2.583,7.253,0.557,5.22,11.772,0.0,6.657,2
236.933,20.245,75.349,11.938,2.579,7.331,0.639,4.972,10.118,0.0,7.55,2
230.071,20.141,63.677,10.299,2.575,7.507,0.683,5.326,8.676,0.0,8.537,2
222.558,20.069,52.861,8.92,2.57,7.605,0.694,6.628,7.689,0.0,9.616,2
216.311,20.013,48.063,7.989,2.565,7.713,0.692,8.676,7.107,0.0,10.807,2
213.139,20.021,47.868,7.465,2.56,7.838,0.684,10.434,6.921,0.0,12.166,2
213.903,20.05,49.452,7.337,2.556,8.124,0.672,9.643,7.114,0.106,13.678,2
215.66,20.095,50.516,7.584,2.552,8.298,0.657,9.628,7.653,0.0,13.733,2
213.565,20.224,51.066,8.177,2.547,8.503,0.643,9.216,8.52,0.0,16.166,2
210.954,20.301,52.19,9.082,2.54,8.741,0.651,12.091,9.576,0.0,16.874,2
212.116,20.384,55.122,10.158,2.53,9.334,0.684,2.4005,10.652,0.0,17.062,2
217.8,20.472,59.449,11.24,2.522,9.684,0.738,2.4005,11.611,0.0,17.024,2
228.309,20.656,63.669,12.191,2.516,10.045,0.821,2.4005,12.314,0.0,16.991,2
240.128,20.749,66.189,12.872,2.515,10.409,0.909,2.4005,12.626,0.0,16.629,2
245.706,20.84,66.956,13.145,2.523,11.109,0.964,10.498,12.345,0.0,15.913,2
245.316,20.928,66.588,12.838,2.536,11.429,0.969,7.699,11.733,0.0,14.947,2
239.643,21.09,65.849,12.21,2.552,11.728,0.925,6.446,11.007,0.0,13.949,2
228.769,21.161,64.213,11.475,2.569,12.015,0.701,5.861,10.354,0.0,13.205,2
218.041,21.223,60.354,10.818,2.583,12.594,0.44,5.814,9.926,0.0,12.827,2
212.552,21.272,55.414,10.39,2.594,12.903,0.331,6.711,9.854,0.0,12.776,2
208.386,21.324,52.546,10.318,2.6,13.247,0.363,9.048,10.208,0.0,12.937,2
206.929,21.321,55.893,10.689,2.605,13.646,0.388,2.4005,10.941,0.0,13.079,2
213.58,21.298,65.516,11.457,2.61,14.594,0.38,2.4005,12.059,0.638,12.906,2
225.199,18.954,94.801,15.4,2.612,10.272,0.548,4.808,14.557,0.0,5.931,2
220.989,18.671,94.127,14.98,2.613,10.294,0.708,4.976,14.211,0.0,6.316,2
221.089,18.586,93.819,14.655,2.611,10.34,0.863,5.149,13.933,0.0,6.78,2
223.185,18.522,92.356,14.373,2.606,10.492,0.976,5.294,13.666,0.0,7.246,2
224.964,18.464,89.014,14.065,2.601,10.584,1.029,5.521,13.339,0.0,7.633,2
224.247,18.331,84.602,13.707,2.597,10.681,1.035,6.381,12.976,0.0,7.854,2
221.77,18.261,80.306,13.348,2.593,10.779,1.01,7.761,12.645,0.0,7.921,2
218.402,18.198,76.075,13.059,2.59,10.974,0.949,8.456,12.413,0.0,7.908,2
214.65,18.147,71.5,12.91,2.587,11.07,0.848,7.933,12.346,0.0,7.86,2
212.514,18.07,67.469,12.97,2.58,11.173,0.744,6.562,12.508,0.0,7.778,2
213.166,18.021,65.968,13.308,2.572,11.289,0.661,5.429,12.966,0.0,7.618,2
215.323,17.947,69.214,13.903,2.565,11.562,0.595,5.031,13.629,2.062,7.324,2
261.889,71.116,69.559,54.568,2.156,0.228,1.213,0.804,46.453,11.628,46.923,1
319.093,45.121,90.242,26.072,2.315,4.292,0.246,1.137,25.205,13.161,2.387,1
316.676,43.416,93.464,26.018,2.34,4.261,0.339,1.18,25.152,7.575,2.356,1
314.775,42.746,95.413,25.732,2.351,4.22,0.449,1.255,24.873,0.0,2.354,1
313.57,42.207,97.557,25.154,2.355,4.119,0.552,1.358,24.309,0.0,2.38,1
312.83,41.795,100.806,25.031,2.357,4.063,0.659,1.473,24.189,0.0,2.425,1
313.103,41.321,104.276,25.521,2.362,4.005,0.785,1.566,24.667,0.0,2.479,1
314.383,41.234,106.428,26.306,2.373,3.947,0.911,1.612,25.433,0.0,2.535,1
316.163,41.227,107.26,27.069,2.384,3.847,1.009,1.633,26.179,0.0,2.579,1
319.783,38.334,106.804,27.738,2.355,3.593,0.643,1.456,26.832,0.0,2.286,1
319.826,38.664,107.424,27.346,2.366,3.565,0.552,1.509,26.449,0.0,2.314,1
321.539,39.04,107.231,27.725,2.376,3.538,0.451,1.62,26.819,0.0,2.332,1
323.67,39.839,107.504,28.291,2.381,3.506,0.4,1.715,27.372,0.0,2.338,1
322.946,40.22,107.862,28.581,2.384,3.473,0.415,1.733,27.655,0.0,2.332,1
323.325,39.826,91.534,28.392,2.307,3.205,0.774,1.145,27.47,0.0,2.077,1
323.79,39.637,94.394,28.456,2.327,3.187,0.786,1.224,27.533,0.0,2.08,1
327.279,39.198,97.49,28.638,2.341,3.174,0.761,1.309,27.711,0.0,2.09,1
329.596,38.927,98.405,29.191,2.341,3.168,0.715,1.337,28.252,0.0,2.105,1
328.427,38.625,96.893,29.754,2.331,3.179,0.627,1.304,28.802,0.0,2.122,1
325.87,38.307,94.634,29.822,2.321,3.191,0.492,1.257,28.868,0.037,2.14,1
322.789,37.687,93.241,29.453,2.317,3.203,0.341,1.231,28.507,0.0,2.157,1
319.948,37.4,94.074,29.078,2.317,3.215,0.236,1.226,28.141,0.0,2.175,1
319.789,37.124,97.576,28.775,2.321,3.223,0.18,1.249,27.845,0.0,2.192,1
321.991,36.85,102.146,28.158,2.328,3.221,0.179,1.323,27.243,0.0,2.209,1
323.425,36.308,104.358,27.613,2.337,3.222,0.204,1.422,26.71,0.0,2.223,1
323.029,36.074,102.446,27.763,2.345,3.23,0.241,1.475,26.857,0.0,2.234,1
321.546,35.904,98.244,28.581,2.344,3.265,0.28,1.431,27.655,0.0,2.242,1
319.508,35.826,95.379,29.074,2.333,3.289,0.323,1.364,28.138,0.0,2.249,1
318.098,36.019,94.609,28.641,2.319,3.315,0.353,1.358,27.714,0.0,2.255,1
318.308,36.296,94.552,27.776,2.316,3.341,0.359,1.451,26.869,0.0,2.261,1
319.599,36.683,94.809,27.244,2.328,3.389,0.345,1.604,26.349,0.0,2.269,1
321.557,37.162,97.156,27.155,2.352,3.407,0.312,1.721,26.262,0.0,2.276,1
324.149,38.304,102.281,27.484,2.378,3.419,0.292,1.753,26.584,0.0,2.282,1
326.22,38.913,106.756,28.131,2.395,3.427,0.355,1.751,27.216,0.0,2.285,1
327.348,39.516,107.585,28.726,2.396,3.443,0.603,1.769,27.797,0.0,2.282,1
327.954,40.1,104.495,28.835,2.388,3.445,0.961,1.779,27.904,0.0,2.275,1
326.96,41.185,100.111,28.665,2.378,3.438,1.264,1.743,27.738,0.0,2.264,1
323.437,41.671,95.698,28.672,2.369,3.42,1.367,1.658,27.744,0.0,2.254,1
319.127,42.092,93.415,28.892,2.361,3.35,1.393,1.588,27.959,0.0,2.247,1
316.257,42.409,94.474,28.93,2.353,3.309,1.314,1.579,27.996,0.0,2.245,1
315.258,42.543,98.019,28.327,2.347,3.271,1.096,1.647,27.407,0.0,2.246,1
315.567,42.297,100.33,27.523,2.343,3.241,0.843,1.728,26.622,0.0,2.248,1
316.823,41.838,99.631,27.123,2.332,3.215,0.651,1.71,26.231,0.0,2.248,1
318.607,41.194,96.552,27.211,2.314,3.219,0.499,1.554,26.317,0.0,2.246,1
319.698,39.529,93.04,27.513,2.29,3.236,0.39,1.358,26.612,0.0,2.243,1
319.187,38.595,91.131,27.763,2.27,3.264,0.354,1.235,26.856,0.0,2.244,1
317.814,37.636,92.101,27.89,2.261,3.343,0.364,1.222,26.98,0.0,2.251,1
316.901,36.679,94.258,27.754,2.264,3.389,0.399,1.31,26.848,0.0,2.265,1
316.616,34.864,95.907,27.46,2.276,3.436,0.434,1.447,26.56,0.255,2.288,1
316.293,34.051,95.902,27.522,2.288,3.483,0.459,1.504,26.621,0.0,2.318,1
315.958,33.323,95.369,27.852,2.297,3.569,0.476,1.476,26.943,0.0,2.353,1
316.357,32.685,95.327,27.798,2.304,3.613,0.485,1.484,26.89,0.0,2.392,1
317.408,31.671,97.188,27.575,2.315,3.66,0.503,1.581,26.673,4.536,2.432,1
318.051,31.278,100.474,27.827,2.332,3.704,0.547,1.735,26.919,8.071,2.47,1
318.056,30.948,102.918,28.72,2.351,3.782,0.616,1.869,27.792,6.441,2.501,1
318.043,30.671,102.425,29.439,2.368,3.816,0.697,1.963,28.494,0.339,2.523,1
317.888,30.221,100.426,29.319,2.379,3.846,0.79,2.03,28.377,0.0,2.534,1
317.166,30.015,99.221,28.522,2.385,3.872,0.885,2.073,27.598,0.0,2.536,1
316.164,29.798,99.258,27.503,2.384,3.911,0.956,2.08,26.602,0.0,2.533,1
315.477,29.558,98.498,26.585,2.379,3.924,0.959,2.049,25.706,0.0,2.529,1
315.02,28.984,95.639,25.996,2.37,3.933,0.912,2.023,25.131,0.0,2.525,1
313.772,28.655,92.631,25.842,2.361,3.942,0.854,2.037,24.981,0.0,2.521,1
311.359,28.31,91.688,25.99,2.354,3.962,0.796,2.1,25.125,0.0,2.516,1
309.167,27.964,93.33,26.083,2.351,3.969,0.743,2.158,25.216,0.0,2.506,1
308.247,27.319,95.172,26.217,2.352,3.976,0.724,2.16,25.346,0.0,2.49,1
308.122,27.035,96.204,26.884,2.356,3.976,0.744,2.122,25.998,0.0,2.467,1
309.09,26.779,97.343,27.863,2.359,3.972,0.781,2.089,26.954,0.0,2.437,1
311.357,26.551,99.282,28.25,2.362,3.967,0.851,2.058,27.332,0.0,2.399,1
313.397,26.193,101.324,27.674,2.365,3.96,0.954,1.997,26.77,0.0,2.354,1
314.373,26.085,102.778,27.26,2.37,3.956,1.064,1.922,26.365,0.0,2.301,1
315.27,26.042,103.081,27.986,2.377,3.95,1.155,1.87,27.074,0.0,2.24,1
317.455,26.074,102.749,29.268,2.387,3.947,1.235,1.853,28.326,0.0,2.175,1
321.51,26.371,102.612,30.061,2.399,3.946,1.294,1.831,29.102,0.0,2.109,1
325.751,26.627,102.6,29.876,2.41,3.939,1.283,1.742,28.921,0.0,2.048,1
328.139,26.949,102.59,29.282,2.418,3.923,1.186,1.611,28.34,0.0,1.996,1
328.242,27.332,102.438,28.608,2.421,3.917,1.028,1.505,27.681,0.0,1.958,1
326.563,28.282,101.661,27.949,2.42,3.911,0.871,1.483,27.038,0.0,1.935,1
323.262,28.848,100.034,27.247,2.416,3.903,0.764,1.537,26.353,0.0,1.925,1
321.32,29.474,98.5,26.661,2.411,3.885,0.735,1.64,25.78,0.0,1.927,1
321.895,30.156,98.915,26.887,2.411,3.879,0.763,1.725,26.001,0.0,1.941,1
323.159,31.671,101.404,27.914,2.413,3.876,0.846,1.751,27.004,7.922,1.962,1
324.585,32.501,103.782,28.709,2.416,3.881,1.018,1.72,27.781,19.985,1.99,1
325.926,33.379,105.069,28.363,2.416,3.947,1.212,1.669,27.442,25.486,2.026,1
325.051,34.312,105.87,27.647,2.413,4.015,1.31,1.633,26.743,25.554,2.07,1
322.403,36.371,105.797,27.799,2.409,4.109,1.236,1.65,26.891,25.434,2.124,1
320.279,37.509,104.01,28.558,2.407,4.231,1.078,1.729,27.633,28.827,2.189,1
319.225,38.723,101.382,28.898,2.408,4.536,0.938,1.842,27.965,33.893,2.268,1
318.652,40.01,99.788,27.957,2.41,4.698,0.871,1.903,27.046,32.978,2.368,1
318.799,42.786,101.09,26.14,2.411,4.846,0.821,1.899,25.272,33.926,2.491,1
320.569,44.26,104.253,24.173,2.409,4.961,0.767,1.905,23.352,37.004,2.647,1
321.283,45.776,106.204,23.169,2.407,5.025,0.746,2.006,22.372,37.798,2.842,1
319.825,22.835,98.878,29.775,2.307,4.358,1.509,1.589,29.005,35.704,2.309,1
322.174,20.818,101.346,30.311,2.339,4.293,1.504,1.662,27.42,31.728,2.255,1
323.677,20.025,102.709,29.408,2.366,4.222,1.492,1.676,26.606,26.05,2.189,1
323.914,19.343,103.072,28.045,2.388,4.083,1.512,1.659,26.954,14.933,2.113,1
321.945,18.751,102.927,27.637,2.405,4.016,1.633,1.64,27.525,0.1,2.034,1
318.719,17.779,103.162,28.084,2.417,3.951,1.906,1.627,27.919,0.1,1.956,1
315.795,17.381,104.043,28.605,2.423,3.886,2.271,1.605,28.672,0.1,1.887,1
314.49,17.034,104.819,29.161,2.426,3.752,2.445,1.568,29.948,4.787,1.828,1
314.317,16.738,105.242,30.163,2.428,3.689,2.479,1.536,30.779,26.945,1.782,1
315.125,16.278,105.921,31.289,2.433,3.627,2.443,1.533,30.195,23.774,1.749,1
317.099,16.099,106.372,31.514,2.439,3.572,2.163,1.546,28.83,26.772,1.729,1
318.955,15.946,105.175,30.549,2.445,3.486,1.645,1.547,27.576,26.698,1.719,1
319.006,15.812,102.352,29.188,2.448,3.459,1.181,1.532,26.917,20.204,1.72,1
316.974,15.585,100.181,28.179,2.448,3.438,0.805,1.534,26.681,11.24,1.727,1
313.892,15.487,100.306,27.707,2.449,3.419,0.527,1.565,26.588,5.183,1.739,1
311.073,15.396,101.509,27.535,2.45,3.395,0.385,1.601,26.541,0.039,1.753,1
308.514,15.315,101.705,27.463,2.452,3.388,0.316,1.62,26.409,0.0,1.764,1
306.222,15.177,101.227,27.369,2.453,3.387,0.245,1.622,26.117,0.0,1.771,1
305.539,15.115,101.24,27.145,2.452,3.392,0.173,1.617,25.955,0.0,1.772,1
306.297,15.052,101.534,26.915,2.45,3.418,0.126,1.608,26.318,0.0,1.766,1
307.987,14.983,101.204,27.049,2.451,3.438,0.125,1.591,27.465,0.0,1.754,1
311.788,14.831,101.038,27.885,2.451,3.46,0.169,1.571,28.554,0.0,1.74,1
317.038,14.756,102.029,29.039,2.451,3.48,0.243,1.559,28.527,0.0,1.724,1
320.414,14.689,103.566,29.484,2.448,3.499,0.35,1.564,27.337,1.191,1.709,1
320.191,14.631,103.577,28.73,2.443,3.497,0.518,1.577,25.928,0.0,1.694,1
317.453,14.542,101.662,27.358,2.44,3.488,0.754,1.592,24.859,0.0,1.679,1
312.221,14.508,99.17,26.118,2.443,3.47,0.967,1.619,24.304,0.0,1.662,1
306.04,14.481,97.874,25.35,2.452,3.417,1.16,1.645,24.0,0.0,1.642,1
301.894,14.46,99.174,24.944,2.463,3.383,1.584,1.633,23.936,0.0,1.618,1
303.029,14.444,102.542,24.793,2.469,3.347,2.229,1.549,24.364,0.0,1.589,1
309.144,14.447,105.227,25.071,2.469,3.309,2.727,1.44,25.349,0.454,1.559,1
318.177,14.456,106.106,25.912,2.466,3.236,2.941,1.359,26.892,0.0,1.53,1
326.877,14.468,105.972,27.337,2.462,3.201,3.094,1.32,28.62,0.0,1.503,1
333.58,14.495,105.557,29.072,2.458,3.166,3.205,1.301,30.057,0.0,1.482,1
337.029,14.506,103.748,30.643,2.455,3.132,3.203,1.289,30.547,0.0,1.466,1
336.617,14.512,100.047,31.41,2.45,3.057,3.103,1.293,30.192,0.0,1.456,1
333.877,14.511,97.515,31.265,2.445,3.016,2.796,1.322,29.765,1.674,1.449,1
331.12,14.491,98.285,30.84,2.442,2.976,2.331,1.367,29.876,0.0,1.445,1
330.248,14.475,101.784,30.828,2.445,2.939,1.936,1.396,30.2,5.526,1.442,1
330.784,14.464,104.762,31.115,2.446,2.884,1.672,1.388,30.313,10.449,1.438,1
332.036,14.462,106.083,31.277,2.442,2.867,1.379,1.345,30.069,16.017,1.434,1
333.721,14.496,106.837,31.096,2.433,2.856,1.054,1.299,29.626,22.675,1.431,1
334.592,14.533,108.484,30.674,2.427,2.848,0.82,1.276,29.025,26.811,1.431,1
334.054,14.58,110.424,30.08,2.428,2.84,0.752,1.28,28.503,25.515,1.435,1
333.9,14.633,110.505,29.526,2.428,2.844,0.761,1.293,28.077,19.691,1.444,1
334.189,14.744,108.436,29.07,2.436,2.843,0.859,1.302,27.534,13.793,1.461,1
333.406,14.791,105.629,28.525,2.44,2.847,1.008,1.315,26.796,11.44,1.485,1
331.139,14.827,103.272,27.784,2.443,2.868,1.104,1.353,26.119,15.179,1.515,1
327.313,14.851,101.755,27.076,2.444,2.884,1.111,1.436,26.083,18.576,1.551,1
322.478,14.876,101.416,26.974,2.444,2.898,1.098,1.555,26.906,11.917,1.587,1
317.478,14.886,101.808,27.752,2.445,2.91,1.047,1.671,28.072,0.1,1.619,1
313.671,14.899,102.924,28.934,2.447,2.921,0.952,1.731,28.519,0.1,1.641,1
311.923,14.917,104.184,29.443,2.447,2.921,0.907,1.745,27.954,0.0,1.652,1
311.495,14.97,105.069,28.907,2.445,2.921,0.957,1.738,27.045,2.101,1.648,1
311.471,15.003,105.481,27.979,2.443,2.92,1.03,1.713,26.665,6.54,1.632,1
311.981,15.041,105.436,27.572,2.443,2.916,1.112,1.661,26.899,14.137,1.607,1
313.814,15.083,105.657,27.567,2.442,2.914,1.204,1.588,27.63,20.297,1.579,1
317.785,15.185,105.564,28.566,2.442,2.914,1.301,1.521,28.525,20.508,1.552,1
321.763,15.242,104.502,29.484,2.444,2.916,1.377,1.473,29.037,20.714,1.53,1
324.043,15.302,103.862,29.988,2.446,2.931,1.443,1.444,28.875,21.467,1.514,1
326.197,15.361,104.337,29.806,2.445,2.945,1.487,1.43,28.424,23.713,1.507,1
328.778,15.467,104.812,29.324,2.442,2.967,1.526,1.427,27.735,24.642,1.506,1
329.721,15.504,104.749,28.573,2.438,2.997,1.532,1.44,26.544,5.063,1.513,1
329.091,15.526,104.476,27.341,2.437,3.069,1.51,1.472,25.374,5.555,1.525,1
327.816,15.531,104.094,26.195,2.439,3.102,1.471,1.523,24.871,7.004,1.539,1
324.042,15.506,102.99,25.764,2.444,3.126,1.451,1.585,25.182,6.639,1.555,1
318.053,15.49,101.246,26.12,2.448,3.142,1.434,1.644,25.76,4.026,1.569,1
313.037,15.476,100.509,26.713,2.447,3.145,1.396,1.687,26.285,0.94,1.58,1
310.482,15.466,101.827,27.266,2.444,3.137,1.326,1.708,26.872,0.144,1.586,1
308.899,15.443,104.618,27.905,2.445,3.125,1.265,1.706,27.647,0.393,1.587,1
308.94,15.425,107.103,28.746,2.447,3.11,1.193,1.68,28.636,0.1,1.583,1
311.419,15.402,108.623,29.771,2.447,3.08,1.046,1.63,29.637,0.1,1.574,1
315.435,15.375,109.578,30.703,2.445,3.068,0.833,1.566,30.111,1.026,1.563,1
320.225,15.325,110.041,30.969,2.443,3.062,0.635,1.512,29.525,4.237,1.55,1
323.806,15.313,109.895,30.291,2.446,3.059,0.513,1.49,28.624,5.815,1.537,1
325.196,15.317,109.534,29.426,2.452,3.065,0.443,1.503,28.007,4.843,1.525,1
324.925,15.341,109.387,28.945,2.459,3.07,0.411,1.534,28.025,4.371,1.514,1
323.6,15.445,109.209,29.105,2.463,3.077,0.451,1.552,28.582,7.482,1.502,1
322.12,15.516,108.899,29.783,2.463,3.088,0.563,1.545,29.508,13.477,1.49,1
322.598,15.593,109.178,30.716,2.459,3.104,0.676,1.513,30.345,18.222,1.479,1
324.454,15.67,109.848,31.443,2.456,3.112,0.794,1.473,30.715,18.797,1.467,1
325.78,15.817,109.328,31.668,2.455,3.12,0.921,1.442,30.579,15.695,1.457,1
326.05,15.887,108.112,31.474,2.454,3.128,1.013,1.427,30.278,12.216,1.448,1
325.822,15.956,107.229,31.098,2.452,3.145,1.024,1.424,29.785,11.163,1.44,1
325.146,16.025,106.577,30.405,2.448,3.147,0.982,1.425,28.77,12.897,1.433,1
324.412,16.162,105.907,29.264,2.443,3.145,0.95,1.43,27.508,15.43,1.425,1
323.226,16.23,105.67,28.133,2.44,3.134,0.967,1.437,26.715,16.958,1.417,1
321.766,16.295,106.999,27.649,2.44,3.102,1.034,1.431,26.793,16.047,1.407,1
322.438,16.355,109.782,27.94,2.438,3.082,1.107,1.404,27.397,12.118,1.394,1
326.084,16.468,112.248,28.576,2.435,3.059,1.149,1.367,28.027,6.736,1.377,1
331.043,16.527,113.723,29.051,2.434,3.034,1.168,1.341,28.239,4.024,1.355,1
336.482,16.593,114.407,29.17,2.437,2.974,1.174,1.321,28.221,6.372,1.331,1
341.747,16.669,115.613,29.133,2.444,2.935,1.162,1.293,28.162,11.349,1.303,1
344.768,16.84,117.138,29.174,2.451,2.892,1.122,1.248,28.323,14.602,1.274,1
345.976,16.923,117.051,29.579,2.454,2.845,1.084,1.2,28.986,15.458,1.245,1
349.17,16.999,115.545,30.625,2.453,2.739,1.166,1.163,30.39,15.521,1.219,1
355.876,17.066,114.862,32.4,2.445,2.686,1.328,1.135,32.441,15.236,1.197,1
363.234,17.189,116.51,34.48,2.432,2.637,1.404,1.098,34.412,12.598,1.18,1
367.522,17.254,118.397,35.743,2.421,2.592,1.385,1.051,34.902,6.572,1.168,1
368.193,17.324,118.342,35.496,2.415,2.512,1.315,1.021,33.983,1.002,1.161,1
367.643,17.396,116.981,34.354,2.414,2.475,1.136,1.023,32.712,0.1,1.158,1
365.538,17.539,115.781,33.366,2.416,2.44,0.879,1.046,32.024,3.853,1.158,1
360.449,17.609,115.103,32.996,2.419,2.405,0.699,1.053,31.931,9.169,1.161,1
355.482,17.681,114.114,33.156,2.422,2.349,0.629,1.041,32.276,14.245,1.166,1
351.997,17.757,112.895,33.503,2.423,2.33,0.715,1.041,32.605,16.769,1.173,1
346.484,17.932,111.628,33.451,2.425,2.317,1.04,1.066,32.293,15.607,1.184,1
339.064,18.036,109.911,32.621,2.429,2.306,1.418,1.101,31.166,11.609,1.197,1
334.541,18.154,107.794,31.43,2.437,2.291,1.586,1.128,30.001,8.91,1.212,1
334.534,18.29,106.265,30.65,2.443,2.281,1.62,1.146,29.492,9.734,1.229,1
336.921,18.629,106.436,30.744,2.444,2.271,1.624,1.165,29.921,13.284,1.247,1
341.685,18.833,108.536,31.849,2.438,2.263,1.641,1.178,31.332,17.177,1.265,1
350.089,19.058,110.92,33.608,2.429,2.257,1.547,1.174,33.18,19.225,1.282,1
357.326,19.301,112.326,34.945,2.422,2.258,1.323,1.151,34.206,18.19,1.299,1
355.49,19.837,112.699,34.882,2.418,2.26,1.086,1.133,33.65,15.845,1.316,1
342.907,20.13,112.959,33.702,2.42,2.263,0.951,1.141,32.256,14.011,1.332,1
330.088,20.444,113.232,32.425,2.43,2.266,0.769,1.187,31.085,14.017,1.348,1
322.366,20.781,112.881,31.409,2.445,2.266,0.539,1.246,30.176,14.613,1.364,1
320.493,21.543,112.231,30.388,2.457,2.269,0.361,1.287,29.161,14.66,1.383,1
327.683,21.975,111.79,29.09,2.46,2.274,0.287,1.287,27.828,12.561,1.407,1
339.778,22.443,111.523,27.605,2.454,2.291,0.229,1.267,26.363,8.739,1.439,1
341.132,22.944,111.279,26.318,2.444,2.309,0.191,1.27,25.186,5.798,1.479,1
331.033,23.985,111.118,25.302,2.438,2.333,0.201,1.334,24.263,6.398,1.528,1
319.384,24.483,110.581,24.489,2.436,2.364,0.289,1.478,23.514,8.796,1.584,1
310.619,24.935,109.209,23.89,2.437,2.44,0.529,1.691,22.978,10.214,1.643,1
304.39,25.325,106.947,23.695,2.439,2.49,0.773,1.857,22.867,10.171,1.702,1
303.574,25.899,104.711,23.962,2.435,2.549,0.881,1.888,23.198,10.015,1.758,1
306.448,26.088,103.09,24.273,2.426,2.619,0.882,1.801,23.492,8.06,1.81,1
307.511,26.218,101.263,23.892,2.416,2.78,0.847,1.71,23.013,9.005,1.857,1
306.222,26.291,98.404,22.66,2.405,2.854,0.786,1.659,21.718,10.713,1.902,1
304.874,26.254,94.066,21.358,2.396,2.922,0.725,1.632,20.469,10.435,1.949,1
300.425,26.142,89.311,20.832,2.391,2.978,0.633,1.614,20.052,10.14,1.999,1
292.03,25.979,86.764,20.995,2.399,3.062,0.442,1.636,20.27,13.677,2.055,1
286.009,25.781,87.854,21.154,2.419,3.095,0.256,1.736,20.418,9.091,2.118,1
284.857,25.368,91.562,21.204,2.44,3.132,0.187,1.868,20.459,7.97,2.187,1
287.84,25.192,94.696,21.579,2.452,3.179,0.22,1.922,20.84,6.185,2.261,1
296.469,25.055,94.85,22.583,2.455,3.337,0.319,1.858,21.837,5.636,2.339,1
306.581,24.96,92.78,23.923,2.453,3.459,0.49,1.774,23.14,5.418,2.418,1
310.204,24.902,90.918,24.859,2.45,3.613,0.665,1.767,24.021,5.582,2.495,1
307.616,24.938,91.121,24.699,2.447,3.785,0.746,1.844,23.865,7.074,2.567,1
303.863,25.019,92.04,23.433,2.445,4.124,0.733,1.992,22.63,8.344,2.631,1
299.708,25.146,91.685,21.756,2.448,4.263,0.694,2.264,20.994,9.915,2.676,1
291.255,25.558,89.14,20.261,2.456,4.363,0.63,2.622,19.536,11.757,2.695,1
278.222,25.852,86.619,18.915,2.467,4.415,0.546,2.784,18.225,16.171,2.686,1
266.54,26.211,85.952,17.78,2.47,4.364,0.447,2.473,17.119,18.409,2.649,1
263.019,26.635,87.423,17.137,2.465,4.272,0.363,2.04,16.493,18.193,2.587,1
268.545,27.674,89.994,17.537,2.457,4.15,0.322,1.802,16.883,22.365,2.504,1
282.53,28.278,92.687,19.482,2.453,4.021,0.327,1.767,18.778,28.74,2.416,1
301.381,28.93,94.559,22.728,2.455,3.804,0.357,1.842,21.942,30.736,2.329,1
316.052,29.626,95.623,25.977,2.464,3.726,0.492,1.95,25.112,32.614,2.247,1
319.482,31.128,96.729,27.406,2.476,3.678,0.68,2.015,26.508,34.447,2.173,1
315.872,31.923,98.486,27.739,2.479,3.663,0.806,1.994,26.833,38.428,2.108,1
312.879,32.728,100.29,28.391,2.468,3.73,0.826,1.84,27.47,40.918,2.055,1
313.354,31.285,97.796,27.434,2.383,3.795,0.833,1.883,26.535,43.693,2.196,1
306.937,31.508,98.292,27.729,2.388,3.787,0.796,1.92,26.823,46.62,2.188,1
301.642,32.027,96.164,27.541,2.397,3.78,0.782,1.85,26.64,43.767,2.17,1
300.101,32.39,92.998,27.565,2.406,3.769,0.794,1.745,26.663,32.947,2.149,1
303.157,32.863,92.56,27.658,2.411,3.733,0.815,1.664,26.753,28.216,2.132,1
311.131,33.465,95.903,27.401,2.408,3.712,0.759,1.622,26.503,30.35,2.122,1
320.475,35.069,99.415,26.838,2.402,3.694,0.599,1.591,25.953,36.517,2.123,1
326.455,36.054,100.306,26.633,2.396,3.68,0.424,1.56,25.753,37.67,2.136,1
327.867,37.151,99.001,26.928,2.392,3.674,0.321,1.56,26.041,36.959,2.161,1
326.677,38.356,97.443,27.184,2.392,3.682,0.255,1.613,26.291,36.509,2.2,1
248.676,71.265,68.031,54.029,2.147,0.225,1.227,0.784,46.623,35.41,55.863,0
240.078,71.668,67.122,55.566,2.144,0.22,1.229,0.773,19.42,33.256,97.253,0
239.841,71.925,67.221,58.529,2.143,0.215,1.204,0.767,19.42,33.864,776.1,0
247.091,72.22,67.55,60.873,2.137,0.207,1.151,0.764,19.42,34.302,3.4115,0
261.25,72.552,67.455,62.058,2.124,0.204,1.072,0.76,19.42,28.335,3.4115,0
273.582,73.318,67.335,62.986,2.113,0.202,0.99,0.758,19.42,16.974,3.4115,0
277.645,73.744,67.802,62.822,2.106,0.2,0.916,0.763,19.42,8.65,3.4115,0
275.842,74.189,68.341,60.407,2.103,0.204,0.845,0.774,19.42,6.361,3.4115,0
272.896,74.649,68.649,56.885,2.104,0.207,0.794,0.794,19.42,8.285,3.4115,0
269.596,75.591,69.107,54.13,2.12,0.21,0.799,0.814,19.42,11.395,3.4115,0
216.571,81.052,67.293,50.127,2.065,0.204,1.601,0.575,19.42,15.078,412.542,0
216.437,80.838,66.084,49.183,2.08,0.207,1.466,0.564,19.42,19.518,93.264,0
216.0,80.647,66.264,46.961,2.099,0.212,1.271,0.55,19.42,24.482,62.998,0
215.963,80.484,67.718,46.061,2.11,0.212,1.093,0.536,19.42,28.106,60.549,0
215.206,80.228,68.857,47.905,2.109,0.21,0.939,0.528,47.028,26.413,70.115,0
214.435,80.123,68.888,50.037,2.102,0.208,0.857,0.526,46.848,18.114,99.841,0
215.445,80.024,68.061,49.363,2.102,0.204,0.879,0.53,19.42,5.951,164.025,0
216.248,79.925,67.018,46.984,2.117,0.2,1.021,0.533,19.42,3.9,314.432,0
214.09,79.723,66.02,46.211,2.149,0.196,1.216,0.531,47.376,0.0,492.378,0
211.489,79.623,65.615,47.893,2.185,0.194,1.37,0.523,45.005,0.438,467.031,0
212.833,79.526,67.121,49.638,2.211,0.192,1.476,0.514,44.72,0.189,264.575,0
215.459,79.432,69.764,49.59,2.218,0.193,1.538,0.504,47.342,0.0,139.078,0
215.414,79.237,70.999,48.34,2.218,0.192,1.552,0.495,19.42,7.684,74.214,0
211.624,79.125,70.644,47.378,2.221,0.195,1.462,0.488,47.638,15.333,42.684,0
206.39,78.998,70.221,46.778,2.233,0.204,1.274,0.483,45.043,13.249,29.065,0
202.337,78.852,70.178,45.897,2.251,0.207,1.107,0.479,44.916,6.825,21.972,0
202.035,78.514,68.552,45.015,2.265,0.21,1.025,0.475,47.156,1.132,19.285,0
205.299,78.329,65.052,45.05,2.27,0.21,0.976,0.472,19.42,0.0,18.093,0
211.831,78.139,62.404,47.146,2.266,0.215,0.946,0.471,19.42,0.0,17.859,0
219.443,77.945,61.646,51.355,2.259,0.217,0.946,0.472,46.724,0.971,18.807,0
224.565,77.539,62.063,55.333,2.25,0.219,0.972,0.475,45.922,5.645,19.634,0
225.836,77.316,63.474,55.187,2.243,0.22,0.992,0.479,45.394,12.18,17.665,0
225.823,77.071,65.822,52.077,2.238,0.22,0.988,0.487,44.44,17.899,15.74,0
225.119,76.799,67.625,49.102,2.238,0.219,0.972,0.496,43.599,17.106,14.569,0
224.597,76.163,67.947,47.063,2.24,0.217,0.946,0.507,43.855,10.436,13.993,0
224.929,75.797,67.635,45.528,2.238,0.215,0.918,0.516,46.343,5.055,14.79,0
227.872,75.398,67.776,44.535,2.233,0.21,0.885,0.522,19.42,5.369,18.281,0
236.752,74.963,68.361,44.79,2.226,0.207,0.832,0.524,19.42,10.087,41.188,0
247.467,73.963,69.16,46.212,2.221,0.204,0.744,0.527,19.42,17.496,3.4115,0
256.254,73.382,70.038,48.444,2.219,0.202,0.664,0.53,19.42,24.878,3.4115,0
267.129,72.732,70.94,51.44,2.218,0.199,0.622,0.53,47.354,27.566,3.4115,0
279.924,72.004,72.053,55.467,2.224,0.199,0.611,0.526,45.505,26.454,3.4115,0
289.791,70.294,73.634,59.98,2.24,0.199,0.619,0.527,44.063,25.09,3.4115,0
299.137,69.321,74.785,63.378,2.262,0.2,0.662,0.539,43.17,23.661,3.4115,0
308.84,68.287,74.579,64.6,2.299,0.204,0.734,0.558,43.607,22.346,3.4115,0
318.718,67.211,73.422,64.181,2.359,0.204,0.826,0.572,45.147,24.427,3.4115,0
329.843,65.009,72.494,62.512,2.427,0.202,0.922,0.578,47.43,29.713,3.4115,0
338.244,63.924,72.604,59.218,2.443,0.194,0.995,0.607,19.42,36.079,3.4115,0
345.001,62.88,72.638,55.15,2.367,0.183,1.037,0.72,19.42,38.967,3.4115,0
356.631,61.907,71.138,52.11,2.245,0.18,1.013,1.208,19.42,38.07,3.4115,0
370.114,60.254,67.503,50.656,2.158,0.176,0.955,9.173,19.42,36.353,3.4115,0
382.042,59.559,65.174,50.31,2.128,0.174,0.902,2.4005,19.42,37.332,3.4115,0
391.886,58.892,67.879,50.832,2.114,0.178,0.873,2.4005,19.42,39.066,3.4115,0
313.331,60.116,86.116,22.575,2.422,3.819,0.725,2.839,17.735,38.371,3.276,0
310.234,63.179,85.237,24.014,2.404,3.754,0.67,2.708,17.305,37.914,3.359,0
308.543,64.407,85.304,25.665,2.39,3.667,0.67,2.546,17.919,41.578,3.37,0
307.728,65.41,84.337,26.831,2.375,3.475,0.693,2.258,19.171,47.366,3.317,0
311.942,66.198,80.91,27.069,2.346,3.393,0.752,1.847,20.31,51.23,3.217,0
328.358,67.263,75.284,26.658,2.306,3.339,0.824,1.452,21.1,51.496,3.107,0
351.97,67.634,70.277,26.112,2.267,3.322,0.888,1.166,22.077,51.537,3.013,0
367.402,67.97,67.879,25.692,2.246,3.386,0.912,1.033,23.729,53.783,2.964,0
372.335,68.322,68.096,25.443,2.248,3.455,0.918,1.02,25.401,55.93,2.963,0
368.994,69.252,69.551,25.322,2.268,3.539,0.877,1.124,26.291,55.605,3.015,0
356.44,69.888,72.65,25.298,2.289,3.627,0.792,1.324,26.098,51.342,3.127,0
338.779,70.657,78.053,25.362,2.301,3.783,0.721,1.528,25.514,42.826,3.285,0
329.311,71.556,83.852,25.414,2.305,3.837,0.706,1.666,24.992,32.702,3.477,0
330.722,73.669,88.258,25.346,2.307,3.872,0.707,1.762,24.665,27.575,3.681,0
336.73,74.819,91.073,25.364,2.309,3.885,0.729,1.855,24.5,31.498,3.874,0
341.902,75.981,92.854,25.859,2.305,3.875,0.788,1.891,24.435,39.375,4.029,0
346.635,77.12,92.854,26.84,2.289,3.855,0.868,1.787,24.474,44.367,4.139,0
246.195,86.061,82.032,12.864,2.421,6.025,0.091,3.443,11.637,45.037,8.224,0
243.958,85.901,83.17,12.743,2.417,5.954,0.173,3.378,11.652,46.639,7.887,0
243.034,85.719,83.111,12.555,2.415,5.81,0.285,3.34,11.849,51.559,7.333,0
243.731,85.518,81.727,12.546,2.416,5.741,0.347,3.216,12.123,54.976,6.728,0
245.143,85.075,80.596,12.762,2.415,5.677,0.356,3.014,12.336,53.925,6.21,0
246.411,84.836,81.201,13.02,2.415,5.62,0.348,2.786,12.328,49.184,5.823,0
247.749,84.586,82.834,13.129,2.414,5.559,0.324,2.581,12.093,44.84,5.597,0
248.633,84.323,84.168,13.102,2.41,5.565,0.262,2.413,11.956,42.21,5.501,0
248.132,83.756,85.036,13.064,2.404,5.604,0.179,2.298,12.114,39.127,5.516,0
247.19,83.453,85.682,13.044,2.401,5.677,0.099,2.263,12.422,35.031,5.618,0
246.477,83.139,85.985,13.096,2.403,5.912,0.06,2.289,12.597,30.812,5.768,0
245.263,82.82,85.989,13.378,2.407,6.075,0.058,2.345,12.575,30.093,5.943,0
243.667,82.179,86.114,13.974,2.407,6.261,0.073,2.427,12.533,33.47,6.117,0
243.861,81.868,86.529,14.747,2.397,6.461,0.087,2.575,12.505,39.267,6.28,0
248.195,81.566,86.777,15.269,2.384,6.86,0.098,2.847,12.514,42.899,6.429,0
254.607,81.273,85.782,15.277,2.374,7.046,0.109,3.176,12.741,42.259,6.568,0
258.389,80.704,84.418,14.863,2.373,7.214,0.115,3.341,13.309,37.245,6.711,0
258.577,80.423,84.275,14.32,2.379,7.357,0.107,3.161,14.111,29.276,6.869,0
256.176,80.142,85.257,13.829,2.385,7.552,0.101,2.875,14.671,19.998,7.058,0
250.857,79.865,85.289,13.667,2.387,7.582,0.111,2.743,14.695,13.868,7.286,0
245.141,79.334,83.598,14.078,2.383,7.57,0.134,2.88,14.278,12.661,7.57,0
243.334,79.083,81.323,15.126,2.374,7.525,0.149,3.214,13.732,15.909,7.905,0
246.321,78.841,80.104,16.391,2.364,7.338,0.153,3.601,13.239,22.369,8.269,0
252.305,78.604,80.251,17.247,2.355,7.2,0.158,3.841,13.1,30.066,8.618,0
260.581,78.121,81.11,17.5,2.35,7.046,0.174,3.922,13.575,37.746,8.88,0
270.212,77.86,81.501,17.646,2.349,6.886,0.192,3.899,14.718,43.261,8.962,0
278.459,77.576,81.045,17.989,2.351,6.59,0.204,3.756,16.017,45.178,8.793,0
283.484,77.265,80.269,18.468,2.353,6.483,0.227,3.424,16.77,44.752,8.398,0
285.924,76.561,79.906,19.046,2.348,6.415,0.279,2.929,16.873,43.368,7.835,0
287.252,76.174,79.725,19.778,2.333,6.386,0.335,2.471,17.035,42.394,7.207,0
288.439,75.771,78.945,20.472,2.316,6.493,0.363,2.161,17.459,41.956,6.612,0
289.501,75.358,77.661,20.508,2.311,6.638,0.365,1.986,17.971,40.241,6.124,0
288.848,74.524,76.967,19.466,2.325,6.831,0.36,1.837,18.593,36.425,5.77,0
284.728,74.105,77.911,17.738,2.351,7.064,0.363,1.675,19.408,33.168,5.561,0
277.62,73.685,79.986,16.031,2.375,7.615,0.359,1.568,20.019,34.121,5.515,0
269.756,73.263,81.71,14.719,2.388,7.905,0.364,1.583,19.552,38.802,5.605,0
261.885,72.429,83.002,13.898,2.39,8.188,0.481,1.758,17.919,43.466,5.831,0
255.26,72.034,83.976,13.504,2.388,8.451,0.744,2.072,16.058,45.327,6.214,0
252.312,71.668,84.004,13.41,2.39,8.863,0.974,2.365,14.527,44.538,6.743,0
252.529,71.345,83.156,13.494,2.4,8.997,1.053,2.523,13.521,40.684,7.419,0
251.828,70.839,82.588,13.734,2.415,9.087,1.062,2.723,13.006,34.09,8.258,0
249.059,70.649,83.367,14.374,2.429,9.149,1.039,3.293,12.846,26.036,9.225,0
248.069,70.484,84.422,15.632,2.434,9.234,0.961,4.712,12.903,17.163,10.266,0
252.119,70.327,84.151,17.116,2.426,9.281,0.845,6.388,13.065,9.347,11.254,0
258.367,69.979,82.857,18.171,2.409,9.34,0.708,6.721,13.568,5.062,12.129,0
262.385,69.78,81.631,18.218,2.388,9.413,0.635,5.365,14.778,5.846,12.763,0
263.531,69.574,80.431,17.167,2.378,9.599,0.628,4.005,16.323,8.986,13.074,0
260.619,69.374,78.742,15.017,2.385,9.703,0.672,3.19,17.488,10.471,13.086,0
250.5,69.048,77.153,12.759,2.405,9.804,0.79,2.926,17.611,14.146,12.967,0
237.073,68.94,77.528,11.209,2.427,9.899,0.975,3.104,16.592,26.567,12.808,0
227.412,68.873,79.418,10.509,2.44,10.073,1.121,3.848,14.428,50.607,12.7,0
226.943,68.849,80.919,10.303,2.442,10.17,1.182,5.018,12.157,69.53,12.709,0
235.054,68.933,81.425,10.361,2.438,10.277,1.207,5.755,10.621,70.875,12.877,0
246.214,69.042,81.983,10.705,2.433,10.397,1.17,5.445,9.978,61.35,13.228,0
252.42,69.194,82.429,11.225,2.429,10.665,1.059,4.826,9.818,50.689,13.749,0
254.744,69.385,81.919,11.697,2.424,10.804,0.907,4.544,9.91,41.981,14.381,0
256.074,69.851,80.449,11.936,2.418,10.94,0.731,4.734,10.307,35.03,14.969,0
254.077,70.106,78.438,12.026,2.411,11.074,0.536,5.449,10.861,27.738,15.373,0
250.209,70.36,77.171,12.14,2.401,11.312,0.35,6.916,11.312,22.034,15.447,0
249.419,70.602,78.204,12.409,2.392,11.414,0.207,9.077,11.476,21.107,15.044,0
250.568,71.003,81.591,12.898,2.385,11.508,0.112,10.174,11.535,21.456,14.396,0
251.291,71.147,83.98,13.665,2.378,11.596,0.071,8.82,11.678,19.165,13.631,0
251.786,71.252,83.308,14.777,2.367,11.776,0.088,6.592,12.022,14.263,12.876,0
253.299,71.325,80.861,16.257,2.349,11.884,0.148,5.174,12.613,13.359,12.211,0
258.055,71.421,79.26,18.006,2.321,12.006,0.226,4.64,13.523,16.258,11.702,0
266.993,71.463,78.905,19.602,2.289,12.146,0.308,4.665,14.823,19.708,11.349,0
277.78,71.504,78.0,20.383,2.264,12.457,0.387,5.03,16.502,20.422,11.125,0
287.128,71.542,76.022,19.845,2.255,12.614,0.478,5.447,18.356,20.134,11.069,0
291.541,71.601,73.639,18.041,2.271,12.761,0.569,5.547,19.639,17.557,11.154,0
288.091,71.623,72.304,15.771,2.305,12.894,0.643,5.325,19.683,12.939,11.38,0
277.023,71.639,72.59,13.857,2.345,13.092,0.685,5.085,18.128,17.035,11.769,0
263.333,71.647,74.007,12.723,2.377,13.154,0.704,5.134,15.787,18.927,12.253,0
250.75,71.624,76.138,12.18,2.395,13.197,0.694,5.489,13.634,22.49,12.777,0
241.455,71.583,78.321,11.957,2.403,13.223,0.681,5.915,12.336,26.477,13.201,0
237.301,71.52,78.753,11.761,2.407,13.217,0.71,6.082,11.71,23.026,13.408,0
237.854,71.437,77.694,11.616,2.415,13.181,0.783,5.847,11.481,20.309,13.314,0
239.801,71.22,77.103,11.71,2.427,13.125,0.85,5.35,11.281,17.795,12.922,0
240.997,71.085,78.253,11.995,2.439,13.042,0.903,4.912,11.109,15.554,12.354,0
241.542,70.932,79.338,12.272,2.448,12.816,0.896,4.716,11.19,11.752,11.732,0
241.324,70.758,78.661,12.369,2.448,12.683,0.815,4.55,11.477,10.148,11.179,0
240.249,70.354,77.661,12.311,2.438,12.54,0.683,4.16,11.755,8.733,10.737,0
238.956,70.129,78.653,12.285,2.42,12.386,0.586,3.627,11.853,7.506,10.425,0
239.064,69.894,81.705,12.678,2.397,11.998,0.542,3.261,11.79,5.57,10.204,0
243.049,69.648,83.761,13.633,2.375,11.742,0.51,3.111,11.766,4.811,10.036,0
250.838,69.122,83.429,14.877,2.356,11.429,0.475,3.083,12.209,17.44,9.888,0
257.777,68.835,81.657,15.731,2.349,11.06,0.45,3.045,13.248,22.988,9.735,0
261.25,68.531,81.041,16.021,2.352,10.204,0.439,2.981,14.542,26.523,9.576,0
264.139,68.209,81.895,16.104,2.358,9.769,0.449,2.928,15.293,26.344,9.415,0
268.459,67.512,81.749,16.42,2.351,9.373,0.475,2.832,15.445,24.448,9.247,0
274.202,67.136,79.126,17.182,2.327,9.036,0.502,2.595,15.503,24.121,9.049,0
282.599,66.74,75.077,18.583,2.293,8.609,0.513,2.24,15.933,24.917,8.783,0
292.793,66.324,72.528,20.403,2.269,8.515,0.508,1.879,16.869,24.895,8.433,0
299.757,65.424,72.252,21.73,2.265,8.472,0.481,1.603,18.553,24.409,7.991,0
298.108,64.942,73.644,21.505,2.289,8.472,0.439,1.433,20.485,24.953,7.507,0
287.099,64.442,76.114,19.835,2.336,8.481,0.375,1.366,21.367,25.216,7.031,0
272.343,63.924,79.182,17.694,2.393,8.454,0.318,1.42,20.171,23.559,6.615,0
260.298,62.841,81.689,15.772,2.441,8.405,0.306,1.597,18.004,20.697,6.284,0
252.912,62.28,82.95,14.288,2.466,8.335,0.363,1.899,15.86,20.675,6.049,0
249.834,61.708,83.289,13.196,2.47,8.164,0.446,2.246,14.199,24.183,5.904,0
250.68,61.128,83.36,12.471,2.465,8.077,0.513,2.48,12.958,24.074,5.814,0
252.566,59.936,83.03,12.072,2.46,7.992,0.552,2.522,12.105,21.626,5.754,0
252.716,59.319,82.21,11.898,2.455,7.916,0.527,2.468,11.622,17.848,5.695,0
250.794,58.68,81.056,11.804,2.45,7.777,0.422,2.428,11.413,10.688,5.613,0
248.381,58.016,79.82,11.653,2.444,7.714,0.309,2.411,11.331,6.563,5.495,0
246.179,56.606,78.971,11.446,2.441,7.65,0.255,2.403,11.194,10.528,5.352,0
243.581,55.861,79.068,11.25,2.439,7.59,0.237,2.429,10.985,15.782,5.203,0
239.907,55.088,79.592,11.093,2.44,7.506,0.242,2.528,10.781,16.649,5.076,0
236.312,54.286,80.434,10.956,2.439,7.491,0.29,2.642,10.622,20.335,4.985,0
235.904,52.591,82.682,10.925,2.437,7.498,0.386,2.685,10.477,26.707,4.943,0
239.451,51.7,86.102,11.125,2.434,7.531,0.476,2.62,10.438,29.936,4.956,0
244.878,50.786,88.119,11.524,2.429,7.635,0.493,2.523,10.639,29.016,5.013,0
249.345,49.856,87.534,11.902,2.428,7.694,0.437,2.463,11.04,23.974,5.107,0
251.633,47.966,86.016,12.08,2.432,7.74,0.343,2.526,11.419,18.287,5.219,0
251.338,47.008,85.427,11.973,2.437,7.765,0.258,2.759,11.584,15.548,5.337,0
249.39,46.043,85.155,11.609,2.44,7.715,0.213,3.156,11.447,13.948,5.44,0
248.267,45.076,83.567,11.215,2.438,7.638,0.227,3.444,11.045,10.355,5.506,0
251.402,43.169,80.376,11.126,2.43,7.525,0.299,3.42,10.649,5.947,5.53,0
256.517,42.251,77.511,11.433,2.421,7.381,0.42,3.174,10.637,5.758,5.479,0
260.348,41.37,76.808,11.936,2.411,7.014,0.533,2.962,11.044,10.462,5.335,0
262.817,40.538,78.301,12.488,2.403,6.806,0.628,2.822,11.586,16.499,5.107,0
264.026,39.078,80.051,13.259,2.394,6.593,0.669,2.702,12.146,21.279,4.8,0
264.961,38.481,80.231,14.512,2.389,6.388,0.664,2.59,13.03,24.031,4.45,0
270.092,37.993,80.401,16.331,2.389,6.021,0.619,2.498,14.508,24.599,4.083,0
281.212,37.623,81.899,18.46,2.394,5.868,0.546,2.381,16.573,23.939,3.731,0
294.361,37.249,84.972,20.445,2.398,5.736,0.466,2.177,18.778,21.944,3.413,0
305.47,37.24,88.599,21.827,2.397,5.623,0.428,1.914,20.595,19.46,3.136,0
313.667,37.343,92.29,22.661,2.393,5.432,0.465,1.712,21.562,17.658,2.904,0
317.587,37.557,96.581,23.617,2.39,5.343,0.517,1.606,22.259,16.807,2.714,0
317.072,38.337,101.329,25.212,2.392,5.244,0.527,1.57,23.572,16.9,2.559,0
315.395,38.922,105.597,27.249,2.4,5.137,0.509,1.546,25.626,16.441,2.437,0
315.555,39.648,107.753,29.014,2.409,4.907,0.491,1.504,27.68,16.634,2.335,0
338.344,63.732,101.998,31.558,2.254,3.95,1.131,1.672,30.566,18.817,2.216,0
330.117,65.265,92.602,32.245,2.225,3.911,0.896,2.087,31.237,20.107,2.377,0
326.23,65.796,83.084,32.605,2.207,3.876,0.702,2.516,31.59,19.151,2.567,0
327.095,66.205,76.491,31.796,2.198,3.813,0.611,2.804,30.798,18.185,2.78,0
331.431,66.519,73.889,30.56,2.194,3.785,0.555,2.914,29.59,18.314,3.008,0
335.76,66.948,73.622,29.977,2.188,3.76,0.557,2.836,29.02,18.869,3.234,0
337.992,67.096,73.52,29.646,2.18,3.741,0.596,2.646,28.697,15.272,3.437,0
338.128,67.214,72.543,28.511,2.172,3.712,0.635,2.46,27.587,14.716,3.593,0
336.698,67.309,71.295,26.214,2.166,3.702,0.678,2.314,25.344,21.225,3.686,0
335.106,67.433,70.898,24.046,2.163,3.695,0.733,2.183,23.228,26.046,3.726,0
334.063,67.454,71.87,22.964,2.164,3.696,0.745,2.077,22.172,23.907,3.721,0
333.325,67.441,74.312,23.241,2.169,3.72,0.697,2.03,22.443,18.581,3.693,0
333.173,67.387,77.144,24.564,2.174,3.747,0.61,2.037,23.733,13.377,3.653,0
333.685,67.116,78.988,26.219,2.179,3.789,0.494,2.023,25.349,10.046,3.606,0
333.112,66.877,79.913,27.087,2.179,3.848,0.359,1.905,26.197,7.893,3.558,0
331.116,66.554,80.506,26.89,2.177,4.011,0.239,1.71,26.004,6.833,3.507,0
329.22,66.14,79.904,26.418,2.171,4.11,0.145,1.524,25.543,7.168,3.458,0
327.742,65.024,76.88,26.339,2.164,4.209,0.074,1.399,25.466,7.993,3.415,0
326.621,64.324,73.57,26.3,2.165,4.302,0.034,1.329,25.428,8.327,3.38,0
327.05,63.531,72.625,25.93,2.17,4.445,0.02,1.296,25.067,8.73,3.357,0
328.664,62.645,74.934,25.636,2.175,4.486,0.021,1.28,24.779,9.428,3.343,0
330.329,60.603,77.47,25.832,2.178,4.505,0.033,1.283,24.97,8.8,3.334,0
331.742,59.463,78.552,26.308,2.175,4.502,0.053,1.329,25.435,7.276,3.324,0
332.788,58.264,78.247,26.569,2.17,4.457,0.087,1.437,25.69,8.461,3.304,0
332.839,57.027,77.311,26.738,2.165,4.431,0.125,1.606,25.856,11.178,3.261,0
331.575,54.508,75.865,27.121,2.163,4.408,0.155,1.725,26.23,13.105,3.187,0
329.34,53.251,74.487,27.592,2.166,4.39,0.17,1.685,26.689,14.503,3.084,0
327.083,52.002,73.927,28.131,2.174,4.364,0.179,1.502,27.216,15.918,2.954,0
325.267,50.766,74.74,28.759,2.186,4.354,0.189,1.327,27.829,16.413,2.812,0
323.54,48.359,76.821,28.944,2.205,4.345,0.198,1.215,28.01,13.6,2.671,0
321.997,47.214,80.243,28.01,2.234,4.334,0.201,1.158,27.098,7.427,2.549,0
320.825,46.128,85.293,26.733,2.273,4.314,0.208,1.131,25.851,1.621,2.453,0
314.801,47.313,102.977,23.193,2.406,4.97,0.75,2.224,22.396,0.1,3.074,0
297.68,50.359,95.397,23.297,2.412,4.865,0.746,2.613,22.497,0.1,3.334,0
278.415,51.823,87.349,22.518,2.426,4.713,0.63,3.235,21.737,0.1,3.589,0
266.11,53.226,84.133,21.363,2.441,4.346,0.47,3.827,20.611,0.1,3.802,0
264.668,54.558,85.936,20.8,2.446,4.176,0.381,3.731,20.063,0.1,3.938,0
272.101,56.997,90.24,21.305,2.426,4.034,0.399,3.022,20.563,0.1,3.981,0
287.197,58.104,93.622,22.738,2.391,3.932,0.466,2.32,22.0,0.1,3.935,0
303.563,59.146,94.968,24.56,2.359,3.85,0.545,1.89,23.821,0.1,3.829,0
313.445,60.137,94.459,25.732,2.338,3.851,0.612,1.607,24.95,0.1,3.726,0
315.237,62.016,93.047,25.636,2.321,3.864,0.696,1.41,24.764,0.1,3.657,0
316.555,62.912,91.318,24.826,2.304,3.887,0.807,1.315,23.902,0.1,3.648,0
318.907,63.771,91.088,24.336,2.29,3.935,0.85,1.332,23.458,0.1,3.699,0
319.271,64.58,92.703,24.319,2.284,3.959,0.799,1.475,23.5,0.1,3.801,0
318.219,66.022,94.77,24.333,2.288,3.997,0.722,1.712,23.509,0.1,3.942,0
316.61,66.655,94.699,24.32,2.296,4.055,0.669,1.889,23.492,0.1,4.091,0
314.419,67.233,92.729,24.517,2.302,4.241,0.634,1.871,23.731,3.112,4.227,0
343.292,16.42,104.28,32.037,2.398,2.751,1.349,1.253,30.682,7.131,1.428,3
331.539,16.354,98.67,32.039,2.409,2.783,1.098,1.328,31.036,11.877,1.472,3
307.992,16.323,91.206,34.272,2.427,2.829,0.883,1.466,32.698,15.165,1.518,3
281.845,16.294,86.225,31.763,2.457,2.928,0.813,1.638,33.233,14.802,1.557,3
266.285,16.268,86.159,28.911,2.491,2.978,0.868,1.828,30.793,10.239,1.585,3
261.417,16.227,90.309,28.103,2.51,3.02,0.9,1.936,27.989,4.788,1.596,3
270.122,16.217,95.809,29.682,2.5,3.053,0.942,1.821,27.16,1.432,1.594,3
292.425,16.219,101.528,31.374,2.469,3.081,0.991,1.587,28.692,0.524,1.583,3
301.642,21.209,101.539,23.175,2.417,3.811,2.027,2.199,22.379,0.1,2.081,3
297.963,21.416,99.371,23.842,2.409,3.82,1.914,2.218,23.029,0.1,2.1,3
296.375,21.435,96.838,24.65,2.396,3.822,1.769,2.128,23.818,0.1,2.106,3
298.092,21.393,93.813,25.507,2.382,3.813,1.625,1.962,24.654,1.662,2.1,3
300.876,21.289,91.587,26.429,2.37,3.803,1.522,1.796,25.553,2.724,2.089,3
305.248,20.882,91.618,26.954,2.366,3.795,1.469,1.685,26.066,3.362,2.075,3
310.667,20.581,93.319,26.648,2.372,3.79,1.457,1.666,25.767,0.711,2.063,3
313.272,20.224,94.53,26.161,2.387,3.798,1.475,1.734,25.292,0.0,2.051,3
310.785,19.827,94.848,25.891,2.401,3.814,1.539,1.855,25.028,0.0,2.038,3
306.709,18.998,96.187,25.673,2.408,3.833,1.643,1.941,24.816,0.0,2.021,3
303.276,18.601,99.966,25.298,2.41,3.856,1.727,1.931,24.45,0.0,1.998,3
301.133,18.234,104.216,25.174,2.415,3.888,1.791,1.836,24.329,0.0,1.969,3
290.401,35.083,103.231,22.259,2.392,5.523,1.371,2.303,21.497,1.321,2.723,3
289.557,33.935,105.056,22.507,2.411,5.551,1.343,2.329,21.745,0.55,2.676,3
290.302,33.534,107.544,22.314,2.417,5.568,1.299,2.339,21.52,0.0,2.647,3
291.922,33.235,109.308,21.788,2.421,5.571,1.234,2.363,20.973,0.0,2.626,3
292.675,33.025,108.363,21.181,2.426,5.559,1.135,2.428,20.368,0.0,2.607,3
291.316,32.815,104.284,20.662,2.431,5.539,1.046,2.514,19.868,0.0,2.584,3
288.45,32.79,99.61,20.316,2.436,5.513,1.005,2.574,19.549,0.582,2.557,3
285.944,32.807,97.137,20.256,2.438,5.459,1.01,2.568,19.528,0.17,2.528,3
285.026,32.856,98.27,20.668,2.441,5.434,1.028,2.496,20.007,0.064,2.502,3
286.364,33.04,101.301,21.693,2.444,5.413,1.061,2.388,21.118,7.121,2.485,3
289.425,33.176,103.641,23.067,2.445,5.398,1.105,2.29,22.524,18.913,2.484,3
292.867,33.338,103.831,23.766,2.44,5.389,1.132,2.232,23.056,26.967,2.503,3
295.106,33.519,102.981,23.204,2.425,5.399,1.135,2.213,22.241,25.132,2.539,3
295.158,33.873,101.836,22.146,2.405,5.421,1.151,2.197,21.139,15.28,2.594,3
293.894,33.996,99.634,21.754,2.389,5.456,1.182,2.186,20.949,5.085,2.657,3
293.036,34.048,95.627,22.144,2.38,5.555,1.2,2.234,21.505,0.342,2.722,3
292.233,34.004,90.13,22.531,2.378,5.612,1.192,2.373,21.832,0.0,2.779,3
290.644,33.571,86.504,22.494,2.378,5.672,1.163,2.515,21.672,0.0,2.818,3
289.25,33.181,87.766,22.18,2.381,5.733,1.132,2.553,21.309,0.0,2.839,3
288.33,32.692,93.808,21.988,2.389,5.854,1.132,2.486,21.186,0.0,2.839,3
286.46,32.126,100.261,22.125,2.404,5.919,1.193,2.366,21.426,0.0,2.824,3
283.785,30.875,103.677,22.682,2.421,5.988,1.296,2.233,22.108,8.621,2.793,3
281.972,30.241,104.188,23.626,2.432,6.065,1.379,2.136,23.155,31.047,2.748,3
281.957,29.624,104.3,24.686,2.434,6.248,1.424,2.102,24.201,31.151,2.693,3
283.99,29.035,104.234,25.356,2.432,6.365,1.463,2.122,24.666,28.996,2.622,3
287.568,27.95,103.969,25.488,2.432,6.499,1.507,2.144,24.617,26.404,2.54,3
292.588,27.46,105.065,25.363,2.433,6.65,1.468,2.12,24.451,30.923,2.449,3
299.485,27.009,108.489,25.269,2.435,6.986,1.255,2.002,24.402,33.795,2.355,3
306.631,26.606,113.267,25.189,2.436,7.148,1.013,1.813,24.305,36.286,2.259,3
310.732,25.954,116.574,25.271,2.435,7.283,0.876,1.638,24.504,23.422,2.161,3
309.539,25.707,117.081,26.156,2.432,7.375,0.822,1.551,25.846,0.0,2.059,3
304.502,25.507,116.315,28.314,2.429,7.36,0.793,1.533,28.558,0.0,1.949,3
303.561,25.353,115.99,31.418,2.428,7.214,0.795,1.526,31.902,0.0,1.827,3
307.287,25.166,115.964,34.029,2.426,6.976,0.825,1.483,33.878,0.0,1.694,3
312.108,25.126,115.395,35.189,2.425,6.656,0.896,1.416,34.33,0.0,1.559,3
320.899,25.116,114.438,35.372,2.424,5.861,1.016,1.345,34.269,0.0,1.426,3
332.151,24.954,115.565,29.799,2.491,3.539,1.624,1.634,25.483,0.0,1.492,3
310.057,25.171,105.601,26.146,2.487,3.543,1.82,1.586,22.209,0.0,1.514,3
286.917,25.281,95.029,22.78,2.485,3.548,1.936,1.573,19.608,0.0,1.53,3
266.781,25.392,86.45,20.124,2.487,3.556,1.92,1.579,17.646,0.123,1.541,3
257.557,25.507,82.076,18.158,2.49,3.553,1.764,1.588,16.376,0.0,1.55,3
262.818,25.753,81.772,16.993,2.491,3.542,1.553,1.596,16.213,7.969,1.559,3
274.812,25.882,84.517,17.02,2.49,3.524,1.382,1.606,17.204,20.871,1.567,3
283.363,26.013,89.047,18.208,2.486,3.469,1.267,1.616,18.977,30.849,1.575,3
284.808,36.14,96.734,19.22,2.47,4.181,0.899,1.878,18.475,29.603,2.432,3
281.711,36.013,89.296,19.176,2.435,4.318,0.988,1.949,18.48,19.182,2.656,3
278.259,35.766,81.288,18.982,2.402,4.451,1.091,1.983,18.273,8.32,2.894,3
273.691,35.401,75.428,18.341,2.382,4.681,1.134,2.078,17.626,3.825,3.122,3
268.116,34.935,72.306,17.646,2.382,4.762,1.115,2.34,16.961,3.942,3.306,3
264.702,33.787,70.886,17.421,2.391,4.812,1.02,2.767,16.769,5.403,3.404,3
267.017,33.155,70.695,17.714,2.398,4.832,0.796,3.148,17.055,12.722,3.382,3
271.787,32.517,73.1,18.575,2.396,4.787,0.553,3.053,17.894,21.633,3.19,3
274.177,31.89,80.178,20.162,2.393,4.736,0.425,2.66,19.441,24.358,2.894,3
279.539,30.73,89.486,22.576,2.395,4.677,0.431,2.461,21.794,24.332,2.568,3
288.732,30.215,97.673,25.073,2.406,4.618,0.482,2.431,24.23,25.578,2.273,3
292.579,29.751,101.712,26.449,2.423,4.528,0.536,2.363,25.574,23.591,2.196,3
283.378,18.8,100.887,19.661,2.472,3.669,0.284,2.253,18.952,14.717,2.302,3
277.609,18.964,99.233,18.857,2.461,3.799,0.298,2.295,18.169,7.165,2.371,3
274.328,19.051,95.616,18.864,2.445,3.937,0.351,2.572,18.176,3.368,2.432,3
270.797,19.137,89.9,19.552,2.437,4.217,0.443,2.991,18.846,5.384,2.484,3
265.461,19.22,86.709,20.291,2.442,4.342,0.552,3.209,19.566,14.364,2.527,3
261.993,19.38,89.383,20.184,2.456,4.449,0.634,2.941,19.462,11.419,2.555,3
262.475,19.46,96.527,19.492,2.468,4.531,0.692,2.54,18.787,10.779,2.56,3
266.279,19.541,102.923,19.167,2.469,4.615,0.752,2.337,18.47,12.743,2.534,3
287.587,20.283,101.484,22.704,2.479,4.747,2.275,1.923,21.918,18.611,2.25,3
281.321,20.302,92.631,21.925,2.458,4.869,2.375,2.046,21.159,21.054,2.282,3
272.012,20.283,83.705,21.501,2.435,5.011,2.274,2.441,20.745,21.376,2.315,3
264.06,20.237,78.996,21.314,2.424,5.315,2.07,2.96,20.563,24.657,2.337,3
258.124,20.155,79.714,20.92,2.428,5.453,1.909,3.093,20.18,29.598,2.345,3
256.787,19.89,83.117,20.909,2.439,5.56,1.731,2.624,20.169,30.87,2.333,3
264.163,19.723,87.975,22.466,2.449,5.627,1.379,2.102,21.687,26.061,2.297,3
277.321,19.556,94.291,25.713,2.451,5.616,1.003,1.788,24.855,18.652,2.243,3
281.345,19.383,95.484,23.164,2.448,4.488,2.401,2.164,22.367,28.707,2.17,3
277.251,19.479,92.762,22.48,2.441,4.502,2.391,2.434,21.701,32.409,2.256,3
276.581,19.515,93.812,21.701,2.431,4.543,2.253,2.544,20.94,36.741,2.35,3
279.289,19.537,96.668,21.359,2.424,4.7,1.985,2.421,20.607,39.543,2.451,3
283.041,19.542,98.837,21.543,2.422,4.814,1.693,2.223,20.786,40.89,2.555,3
282.305,19.502,99.636,21.732,2.426,4.953,1.481,2.125,20.971,40.908,2.656,3
274.695,19.466,99.093,21.158,2.434,5.115,1.337,2.229,20.411,39.358,2.745,3
261.111,19.425,95.632,19.805,2.443,5.5,1.225,2.526,19.092,37.596,2.805,3
247.755,19.382,88.957,18.279,2.451,5.705,1.12,2.936,17.605,35.908,2.812,3
241.093,19.29,81.557,17.523,2.457,5.896,1.014,3.256,16.869,34.922,2.739,3
246.562,19.238,78.12,18.199,2.459,6.056,0.945,3.386,17.527,33.824,2.599,3
260.255,19.18,80.414,20.543,2.459,6.213,0.93,3.295,19.812,29.415,2.404,3
278.27,19.117,87.763,23.83,2.458,6.198,0.953,2.936,23.017,20.416,2.187,3
295.82,19.001,97.589,26.43,2.456,6.13,1.002,2.433,25.554,12.641,1.973,3
307.5,18.958,106.724,27.483,2.454,6.01,1.042,1.98,26.583,12.051,1.785,3
311.021,18.928,112.827,27.737,2.453,5.667,1.089,1.682,26.831,16.72,1.629,3
293.11,20.366,103.648,23.734,2.457,3.826,1.794,1.662,21.986,22.409,1.916,3
287.684,20.322,97.83,23.532,2.456,3.963,1.607,1.747,20.896,23.631,2.052,3
275.634,20.301,88.351,22.888,2.446,4.111,1.335,1.946,19.176,20.26,2.225,3
261.074,20.283,78.554,21.802,2.433,4.423,1.013,2.316,17.28,13.148,2.421,3
248.75,20.266,73.127,20.065,2.426,4.566,0.743,2.918,16.234,3.925,2.616,3
242.509,20.235,73.323,18.073,2.425,4.686,0.669,3.435,17.046,0.0,2.762,3
246.52,20.222,79.071,16.872,2.43,4.779,0.666,3.403,19.309,0.747,2.841,3
259.688,20.211,87.443,17.714,2.438,4.947,0.642,2.811,22.113,0.156,2.816,3
290.891,22.398,111.616,23.996,2.447,3.169,1.211,1.463,22.045,0.0,1.373,3
270.113,22.379,102.222,20.452,2.456,3.25,1.261,1.895,19.02,0.828,1.471,3
259.198,22.366,92.818,19.353,2.462,3.324,1.398,2.36,18.543,0.0,1.559,3
261.929,22.352,89.364,20.127,2.462,3.419,1.457,2.536,19.657,0.61,1.626,3
275.978,22.34,93.265,21.839,2.458,3.437,1.523,2.321,21.479,3.2,1.666,3
290.819,22.337,100.936,23.25,2.459,3.43,1.559,1.971,22.723,9.971,1.671,3
299.428,22.351,107.078,23.692,2.466,3.398,1.469,1.713,22.926,12.861,1.651,3
303.226,22.373,109.707,23.567,2.474,3.269,1.298,1.581,22.717,9.82,1.621,3
305.424,22.4,109.393,23.75,2.477,3.189,1.21,1.537,22.998,5.053,1.591,3
307.329,22.461,108.211,24.35,2.476,3.107,1.186,1.529,23.66,1.489,1.567,3
309.85,22.492,107.838,25.054,2.476,2.961,1.239,1.522,24.349,0.949,1.55,3
311.86,22.524,108.275,25.422,2.477,2.862,1.325,1.5,24.624,2.193,1.541,3
311.189,22.595,108.407,25.368,2.479,2.835,1.463,1.478,24.493,3.21,1.534,3
307.53,22.662,107.833,25.315,2.48,2.827,1.695,1.482,24.46,0.341,1.527,3
303.24,22.688,106.801,25.682,2.479,2.838,1.952,1.518,24.908,0.136,1.515,3
300.59,22.702,104.905,26.34,2.478,2.92,1.959,1.569,25.591,0.0,1.493,3
302.305,22.704,102.519,26.548,2.478,2.986,1.749,1.598,25.687,0.0,1.456,3
307.68,22.663,101.034,25.936,2.475,3.059,1.482,1.58,24.944,0.0,1.407,3
315.144,22.626,101.814,24.96,2.473,3.139,1.247,1.513,23.951,6.655,1.348,3
323.8,22.584,105.633,24.571,2.471,3.297,0.987,1.415,23.698,27.523,1.285,3
264.917,19.9,89.976,15.728,2.471,4.345,0.589,2.871,15.108,30.865,2.999,3
254.493,20.142,86.008,14.163,2.479,4.511,0.737,3.871,13.58,17.8,3.197,3
243.461,20.275,82.379,12.651,2.484,4.682,0.874,5.085,12.113,7.968,3.314,3
236.004,20.41,78.782,11.958,2.482,5.025,0.969,5.356,11.45,16.059,3.352,3
236.364,20.545,75.691,12.129,2.476,5.181,1.018,4.452,11.621,36.924,3.314,3
243.504,20.804,74.707,12.783,2.471,5.311,0.994,3.333,12.294,44.719,3.202,3
254.248,20.931,76.77,13.655,2.469,5.41,0.941,2.708,13.183,18.76,3.04,3
265.264,21.061,81.684,14.654,2.47,5.502,0.933,2.398,14.198,18.68,2.877,3
274.762,21.198,87.749,15.859,2.474,5.508,0.994,2.268,15.434,21.543,2.729,3
279.795,21.501,94.172,17.241,2.481,5.496,1.073,2.253,16.85,23.465,2.603,3
280.336,21.664,99.543,18.361,2.487,5.475,1.155,2.296,17.908,21.802,2.5,3
278.726,21.831,102.751,18.899,2.489,5.445,1.254,2.345,18.305,17.199,2.418,3
275.146,19.523,100.615,16.712,2.512,4.455,0.554,2.014,20.434,12.204,2.005,3
270.824,19.334,100.806,18.566,2.524,4.314,0.577,1.944,20.546,8.409,2.034,3
271.522,19.293,99.803,20.334,2.532,4.174,0.566,2.075,20.138,8.547,2.064,3
276.493,19.288,98.883,21.221,2.536,3.94,0.504,2.278,19.823,13.607,2.099,3
276.375,19.315,99.268,21.164,2.53,3.863,0.443,2.43,19.671,16.704,2.145,3
271.292,19.443,100.353,20.785,2.517,3.814,0.491,2.484,19.578,9.46,2.206,3
267.373,19.535,101.072,20.515,2.499,3.795,0.629,2.481,19.329,5.002,2.282,3
266.899,19.639,101.418,20.377,2.484,3.857,0.771,2.463,18.639,8.825,2.376,3
268.679,19.752,100.356,20.253,2.476,3.937,0.905,2.438,17.61,20.642,2.49,3
271.666,19.986,96.012,19.93,2.479,4.054,1.096,2.388,16.576,27.148,2.621,3
273.322,20.104,89.253,19.197,2.487,4.209,1.336,2.322,15.819,27.437,2.774,3
267.653,20.221,84.712,18.172,2.485,4.635,1.506,2.349,15.28,23.107,2.956,3
254.72,20.337,85.236,17.164,2.466,4.897,1.533,2.665,14.947,14.084,3.167,3
244.535,20.561,89.868,16.42,2.445,5.178,1.449,3.431,14.949,7.344,3.405,3
238.648,20.667,93.648,15.886,2.438,5.468,1.349,4.349,15.292,5.99,3.649,3
233.973,20.77,93.761,15.554,2.452,6.029,1.241,4.574,15.668,8.506,3.886,3
235.127,20.871,90.531,15.552,2.479,6.275,1.233,3.873,15.752,11.988,4.063,3
241.837,21.07,86.709,15.877,2.506,6.481,1.506,3.242,16.016,5.799,4.093,3
246.808,21.167,84.793,16.249,2.519,6.642,1.909,3.151,17.168,2.506,3.994,3
250.89,21.26,85.904,16.364,2.514,6.821,2.11,3.514,18.976,3.044,3.776,3
258.472,21.344,89.075,16.602,2.494,6.859,2.17,3.923,20.343,4.245,3.487,3
268.305,21.489,93.677,17.598,2.472,6.871,2.198,3.833,20.196,5.97,3.199,3
277.609,21.552,98.921,19.266,2.456,6.87,2.131,3.233,19.531,10.183,2.948,3
284.636,21.613,103.26,20.729,2.448,6.86,1.971,2.7,19.086,17.557,2.74,3
288.169,21.676,105.09,20.98,2.45,6.869,1.84,2.48,18.671,24.565,2.572,3
287.045,21.819,103.632,20.471,2.458,6.883,1.762,2.478,18.262,24.699,2.437,3
282.851,21.897,100.769,19.957,2.469,6.898,1.723,2.471,18.263,21.313,2.324,3
278.665,21.974,99.067,19.534,2.479,6.907,1.719,2.324,19.024,20.95,2.228,3
319.409,21.362,98.442,22.93,2.503,4.226,1.701,1.811,20.769,26.029,1.909,3
314.443,21.227,87.181,21.684,2.51,4.347,1.839,2.052,19.058,29.799,2.035,3
301.015,21.173,82.421,19.976,2.518,4.483,1.88,2.365,17.125,26.859,2.164,3
283.364,21.13,86.151,18.009,2.524,4.766,1.673,2.677,15.604,16.987,2.288,3
266.317,21.097,94.156,16.391,2.529,4.895,1.397,2.832,15.098,5.364,2.398,3
253.551,21.055,101.311,15.758,2.536,5.001,1.237,2.769,15.625,0.0,2.488,3
248.952,21.046,105.095,16.194,2.543,5.071,1.045,2.613,16.887,0.0,2.529,3
253.975,21.047,106.455,17.423,2.545,5.096,0.807,2.492,18.467,3.907,2.513,3
285.126,22.084,96.297,20.741,2.509,5.451,1.035,3.33,18.086,13.806,3.146,3
273.846,22.208,87.979,20.728,2.488,5.649,0.994,3.706,15.941,16.141,3.376,3
260.435,22.306,82.322,16.562,2.474,5.853,0.85,4.051,14.781,14.633,3.645,3
248.803,22.429,81.197,15.381,2.472,6.263,0.683,4.401,14.955,16.298,3.943,3
240.36,22.572,82.721,15.576,2.475,6.458,0.59,4.765,15.919,14.192,4.235,3
239.41,22.894,83.472,16.571,2.476,6.639,0.585,5.055,16.869,8.097,4.484,3
245.25,23.056,82.19,17.532,2.471,6.794,0.589,5.002,17.188,0.1,4.568,3
251.955,23.209,80.682,17.845,2.46,7.03,0.601,4.67,17.028,0.1,4.548,3
257.513,23.351,80.635,17.67,2.45,7.102,0.625,4.247,16.595,0.1,4.433,3
261.736,23.582,81.945,17.22,2.448,7.15,0.656,3.953,16.12,0.1,4.269,3
263.889,23.664,84.002,16.745,2.456,7.178,0.711,3.86,15.922,0.1,4.085,3
264.267,23.719,87.463,16.575,2.471,7.205,0.765,3.916,16.345,9.58,3.898,3
264.278,23.74,91.914,17.027,2.487,7.218,0.774,3.958,17.025,17.108,3.716,3
264.542,23.662,95.034,17.721,2.503,7.239,0.754,3.837,17.571,19.558,3.544,3
264.296,23.562,95.632,18.27,2.515,7.279,0.782,3.553,17.933,18.547,3.384,3
262.493,23.431,95.021,18.64,2.521,7.407,0.863,3.206,18.245,16.463,3.239,3
243.206,19.626,88.608,15.914,2.502,5.819,1.667,3.474,14.0,11.07,3.109,3
244.653,19.737,89.864,14.979,2.501,5.928,1.847,3.991,14.048,0.358,3.223,3
248.203,19.78,92.065,14.59,2.496,6.046,2.022,4.567,14.69,0.0,3.337,3
252.837,19.814,94.362,14.793,2.488,6.273,2.133,4.761,15.559,0.0,3.446,3
256.341,19.844,96.15,15.5,2.48,6.381,2.159,4.443,16.109,3.402,3.539,3
257.076,19.93,96.96,16.305,2.48,6.482,2.164,4.078,15.738,9.088,3.605,3
254.851,20.004,96.421,16.663,2.487,6.582,2.151,3.878,14.993,12.886,3.638,3
252.269,20.104,95.222,16.211,2.498,6.797,2.11,3.783,14.728,11.005,3.637,3
250.968,20.229,94.138,15.547,2.506,6.907,2.066,3.758,15.32,10.056,3.608,3
249.384,20.522,93.961,15.428,2.511,7.018,2.04,3.835,16.401,11.585,3.557,3
246.849,20.676,94.947,16.105,2.512,7.126,2.007,3.921,17.361,13.816,3.495,3
245.671,20.83,96.805,17.182,2.513,7.333,1.922,3.838,17.692,12.115,3.433,3
246.843,20.98,98.96,18.071,2.515,7.434,1.81,3.587,17.422,6.566,3.382,3
249.096,21.277,101.505,18.337,2.518,7.532,1.619,3.341,16.815,3.066,3.349,3
252.379,21.426,104.729,18.029,2.523,7.629,1.189,3.272,16.153,5.125,3.342,3
254.78,21.576,107.39,17.41,2.529,7.832,0.64,3.459,15.306,11.491,3.361,3
252.604,21.727,107.737,16.727,2.535,7.951,0.362,3.921,14.183,15.179,3.403,3
244.978,22.032,104.423,15.853,2.537,8.088,0.339,4.528,13.277,17.989,3.454,3
236.359,22.182,98.488,14.727,2.531,8.239,0.369,5.029,13.03,19.677,3.492,3
229.306,22.328,91.431,13.828,2.519,8.587,0.38,5.288,13.509,11.347,3.491,3
227.166,22.467,89.3515,20.397,2.442,5.0775,0.884,5.249,14.354,8.376,3.42,3
231.96,22.723,89.3515,20.397,2.442,5.0775,0.884,5.221,15.254,10.371,3.41,3
242.479,22.84,89.3515,20.397,2.442,5.0775,0.884,4.052,16.204,13.799,3.078,3
253.349,22.95,89.3515,20.397,2.442,5.0775,0.884,3.275,17.471,15.729,2.86,3
303.824,23.298,89.3515,20.397,2.442,5.0775,0.884,1.842,18.592,14.662,2.69,3
295.429,23.396,89.3515,20.397,2.442,5.0775,0.884,2.128,17.609,15.394,2.939,3
288.442,23.439,89.3515,20.397,2.442,5.0775,0.884,2.475,15.803,19.335,3.186,3
284.459,23.476,89.3515,20.397,2.442,5.0775,0.884,2.718,13.899,23.101,3.41,3
285.213,23.504,89.3515,20.397,2.442,5.0775,0.884,2.764,12.738,22.196,3.599,3
285.521,23.528,89.3515,20.397,2.442,5.0775,0.884,2.68,12.23,21.217,3.744,3
279.251,23.523,89.3515,20.397,2.442,5.0775,0.884,2.604,12.07,21.452,3.845,3
266.951,23.507,89.3515,20.397,2.442,5.0775,0.884,2.723,12.015,23.309,3.913,3
255.525,23.479,89.3515,20.397,2.442,5.0775,0.884,3.263,12.091,20.26,3.962,3
247.463,23.369,96.631,12.589,2.482,4.929,1.345,4.155,12.536,17.104,3.998,3
244.138,23.278,87.061,12.546,2.481,5.143,1.273,5.024,13.46,16.581,4.029,3
246.76,23.159,79.408,12.659,2.48,5.601,1.113,5.497,14.667,19.938,4.054,3
253.318,23.019,77.113,13.158,2.485,5.825,0.963,5.295,15.976,22.189,4.064,3
259.864,22.711,80.732,14.129,2.493,6.035,1.0,4.67,17.425,16.183,4.026,3
266.431,22.566,87.352,15.373,2.5,6.221,1.125,4.173,19.255,8.842,3.905,3
273.982,22.439,94.534,16.724,2.502,6.514,1.206,3.776,21.58,5.869,3.715,3
310.117,21.716,124.533,23.842,2.493,5.174,1.955,1.701,17.629,6.174,1.875,3
303.713,21.77,124.961,22.676,2.498,5.084,2.074,1.824,15.549,6.315,1.983,3
291.667,21.81,120.965,20.715,2.504,5.016,1.841,2.081,14.366,5.9,2.116,3
276.314,21.86,111.563,18.275,2.505,4.969,1.442,2.598,14.168,7.344,2.278,3
260.863,21.918,100.633,16.156,2.505,4.988,1.182,3.303,14.653,12.687,2.46,3
249.231,22.068,93.365,14.952,2.506,5.025,1.081,3.967,15.591,16.741,2.652,3
244.677,22.161,92.073,14.75,2.51,5.068,1.057,4.359,16.803,20.423,2.838,3
246.777,22.264,94.38,15.246,2.512,5.162,1.016,4.319,18.245,22.624,3.004,3
266.606,22.56,99.359,21.028,2.532,8.98,0.904,2.916,16.25,20.254,3.214,3
